Brand,Perfume,Gender,Rating Value,url,drop_reason
Al Haramain Perfumes,Musk Al Haramain,unisex,79.0,https://www.fragrantica.com/perfume/Al-Haramain-Perfumes/Musk-Al-Haramain-19817.html,duplicate (earlier occurrence)
Al Haramain Perfumes,Shefon,unisex,82.0,https://www.fragrantica.com/perfume/Al-Haramain-Perfumes/Shefon-44653.html,duplicate (earlier occurrence)
Al Haramain Perfumes,Maryam,women,64.0,https://www.fragrantica.com/perfume/Al-Haramain-Perfumes/Maryam-19628.html,duplicate (earlier occurrence)
Al Haramain Perfumes,Mukhallath Seufi,women,87.0,https://www.fragrantica.com/perfume/Al-Haramain-Perfumes/Mukhallath-Seufi-19606.html,duplicate (earlier occurrence)
Al Haramain Perfumes,Musk Maliki,unisex,86.0,https://www.fragrantica.com/perfume/Al-Haramain-Perfumes/Musk-Maliki-70385.html,duplicate (earlier occurrence)
Avon,Blue Lotus,women,80.0,https://www.fragrantica.com/perfume/Avon/Blue-Lotus-82192.html,duplicate (earlier occurrence)
Avon,Alpha,men,78.0,https://www.fragrantica.com/perfume/Avon/Alpha-33471.html,duplicate (earlier occurrence)
Avon,Attention,men,80.0,https://www.fragrantica.com/perfume/Avon/Attention-56336.html,duplicate (earlier occurrence)
Avon,Brazil Beat,women,68.0,https://www.fragrantica.com/perfume/Avon/Brazil-Beat-6067.html,duplicate (earlier occurrence)
Avon,Elegante,women,78.0,https://www.fragrantica.com/perfume/Avon/Elegante-73643.html,duplicate (earlier occurrence)
Avon,Everafter,women,82.0,https://www.fragrantica.com/perfume/Avon/Everafter-39955.html,duplicate (earlier occurrence)
Avon,Flor de Cerejeira,women,69.0,https://www.fragrantica.com/perfume/Avon/Flor-de-Cerejeira-44772.html,duplicate (earlier occurrence)
Avon,Life,women,83.0,https://www.fragrantica.com/perfume/Avon/Life-71762.html,duplicate (earlier occurrence)
Avon,Lucky Me Intense,men,71.0,https://www.fragrantica.com/perfume/Avon/Lucky-Me-Intense-63196.html,duplicate (earlier occurrence)
Avon,Midnight,men,82.0,https://www.fragrantica.com/perfume/Avon/Midnight-33444.html,duplicate (earlier occurrence)
Avon,Premiere Luxe,women,74.0,https://www.fragrantica.com/perfume/Avon/Premiere-Luxe-22208.html,duplicate (earlier occurrence)
Avon,Pretty Blue,women,93.0,https://www.fragrantica.com/perfume/Avon/Pretty-Blue-82235.html,duplicate (earlier occurrence)
Avon,Skin 2 Skin,women,70.0,https://www.fragrantica.com/perfume/Avon/Skin-2-Skin-48832.html,duplicate (earlier occurrence)
Avon,Stamina,women,69.0,https://www.fragrantica.com/perfume/Avon/Stamina-58620.html,duplicate (earlier occurrence)
Avon,Surrender,women,85.0,https://www.fragrantica.com/perfume/Avon/Surrender-1863.html,duplicate (earlier occurrence)
Avon,True Life,women,74.0,https://www.fragrantica.com/perfume/Avon/True-Life-24946.html,duplicate (earlier occurrence)
Avon,Attraction,women,78.0,https://www.fragrantica.com/perfume/Avon/Attraction-32307.html,duplicate (earlier occurrence)
Avon,Attraction Intense,women,79.0,https://www.fragrantica.com/perfume/Avon/Attraction-Intense-77319.html,duplicate (earlier occurrence)
Avon,Attraction Sensation,women,74.0,https://www.fragrantica.com/perfume/Avon/Attraction-Sensation-56754.html,duplicate (earlier occurrence)
Avon,Musk Air,men,73.0,https://www.fragrantica.com/perfume/Avon/Musk-Air-72042.html,duplicate (earlier occurrence)
Avon,Musk Fresh,men,74.0,https://www.fragrantica.com/perfume/Avon/Musk-Fresh-35596.html,duplicate (earlier occurrence)
Avon,Musk Intense,men,84.0,https://www.fragrantica.com/perfume/Avon/Musk-Intense-56745.html,duplicate (earlier occurrence)
Avon,Musk Marine,men,75.0,https://www.fragrantica.com/perfume/Avon/Musk-Marine-14323.html,duplicate (earlier occurrence)
Avon,Be Romantic,women,58.0,https://www.fragrantica.com/perfume/Avon/Be-Romantic-33187.html,duplicate (earlier occurrence)
Avon,Bluerush Paradise,women,78.0,https://www.fragrantica.com/perfume/Avon/Bluerush-Paradise-34496.html,duplicate (earlier occurrence)
Avon,Mesmerize Mystique Amber,women,76.0,https://www.fragrantica.com/perfume/Avon/Mesmerize-Mystique-Amber-60464.html,duplicate (earlier occurrence)
Avon,Perceive Soul,men,79.0,https://www.fragrantica.com/perfume/Avon/Perceive-Soul-51036.html,duplicate (earlier occurrence)
Avon,Today Tomorrow Always Celebrate,women,75.0,https://www.fragrantica.com/perfume/Avon/Today-Tomorrow-Always-Celebrate-56736.html,duplicate (earlier occurrence)
Avon,Today Tomorrow Always For Him,men,74.0,https://www.fragrantica.com/perfume/Avon/Today-Tomorrow-Always-For-Him-33985.html,duplicate (earlier occurrence)
Avon,Wild Country,men,74.0,https://www.fragrantica.com/perfume/Avon/Wild-Country-2312.html,duplicate (earlier occurrence)
Bath Body Works,A Thousand Wishes,women,82.0,https://www.fragrantica.com/perfume/Bath-Body-Works/A-Thousand-Wishes-28523.html,duplicate (earlier occurrence)
Bath Body Works,After Dark,men,86.0,https://www.fragrantica.com/perfume/Bath-Body-Works/After-Dark-78837.html,duplicate (earlier occurrence)
Bath Body Works,Among The Clouds,unisex,79.0,https://www.fragrantica.com/perfume/Bath-Body-Works/Among-The-Clouds-79861.html,duplicate (earlier occurrence)
Bath Body Works,Be Enchanted,women,81.0,https://www.fragrantica.com/perfume/Bath-Body-Works/Be-Enchanted-13695.html,duplicate (earlier occurrence)
Bath Body Works,Be Joyful,women,80.0,https://www.fragrantica.com/perfume/Bath-Body-Works/Be-Joyful-47951.html,duplicate (earlier occurrence)
Bath Body Works,Beautiful Day,women,80.0,https://www.fragrantica.com/perfume/Bath-Body-Works/Beautiful-Day-18105.html,duplicate (earlier occurrence)
Bath Body Works,Black Amethyst,women,80.0,https://www.fragrantica.com/perfume/Bath-Body-Works/Black-Amethyst-4565.html,duplicate (earlier occurrence)
Bath Body Works,Black Raspberry Vanilla,women,82.0,https://www.fragrantica.com/perfume/Bath-Body-Works/Black-Raspberry-Vanilla-3512.html,duplicate (earlier occurrence)
Bath Body Works,Black Tie,men,72.0,https://www.fragrantica.com/perfume/Bath-Body-Works/Black-Tie-78838.html,duplicate (earlier occurrence)
Bath Body Works,Bourbon Strawberry Vanilla,unisex,82.0,https://www.fragrantica.com/perfume/Bath-Body-Works/Bourbon-Strawberry-Vanilla-93998.html,duplicate (earlier occurrence)
Bath Body Works,Brown Sugar Fig,women,82.0,https://www.fragrantica.com/perfume/Bath-Body-Works/Brown-Sugar-Fig-3514.html,duplicate (earlier occurrence)
Bath Body Works,Butterfly,women,78.0,https://www.fragrantica.com/perfume/Bath-Body-Works/Butterfly-78850.html,duplicate (earlier occurrence)
Bath Body Works,Calypso Clementine,women,79.0,https://www.fragrantica.com/perfume/Bath-Body-Works/Calypso-Clementine-89425.html,duplicate (earlier occurrence)
Bath Body Works,Carried Away,women,78.0,https://www.fragrantica.com/perfume/Bath-Body-Works/Carried-Away-11637.html,duplicate (earlier occurrence)
Bath Body Works,Cashmere Glow,women,84.0,https://www.fragrantica.com/perfume/Bath-Body-Works/Cashmere-Glow-16512.html,duplicate (earlier occurrence)
Bath Body Works,Champagne Toast,women,85.0,https://www.fragrantica.com/perfume/Bath-Body-Works/Champagne-Toast-78840.html,duplicate (earlier occurrence)
Bath Body Works,Cherry Blossom,women,78.0,https://www.fragrantica.com/perfume/Bath-Body-Works/Cherry-Blossom-3515.html,duplicate (earlier occurrence)
Bath Body Works,Coffee Whiskey,men,85.0,https://www.fragrantica.com/perfume/Bath-Body-Works/Coffee-Whiskey-76780.html,duplicate (earlier occurrence)
Bath Body Works,Cucumber Melon,unisex,76.0,https://www.fragrantica.com/perfume/Bath-Body-Works/Cucumber-Melon-3518.html,duplicate (earlier occurrence)
Bath Body Works,Dahlia,women,85.0,https://www.fragrantica.com/perfume/Bath-Body-Works/Dahlia-63601.html,duplicate (earlier occurrence)
Bath Body Works,Dark Kiss,women,83.0,https://www.fragrantica.com/perfume/Bath-Body-Works/Dark-Kiss-10082.html,duplicate (earlier occurrence)
Bath Body Works,Dark Velvet Oud,women,100.0,https://www.fragrantica.com/perfume/Bath-Body-Works/Dark-Velvet-Oud-94695.html,duplicate (earlier occurrence)
Bath Body Works,Dream Bright,women,85.0,https://www.fragrantica.com/perfume/Bath-Body-Works/Dream-Bright-78849.html,duplicate (earlier occurrence)
Bath Body Works,Endless Weekend,women,80.0,https://www.fragrantica.com/perfume/Bath-Body-Works/Endless-Weekend-25389.html,duplicate (earlier occurrence)
Bath Body Works,Fairytale,women,83.0,https://www.fragrantica.com/perfume/Bath-Body-Works/Fairytale-71223.html,duplicate (earlier occurrence)
Bath Body Works,First Sight,unisex,82.0,https://www.fragrantica.com/perfume/Bath-Body-Works/First-Sight-93089.html,duplicate (earlier occurrence)
Bath Body Works,Forever Red,women,84.0,https://www.fragrantica.com/perfume/Bath-Body-Works/Forever-Red-17109.html,duplicate (earlier occurrence)
Bath Body Works,Forever Sunshine,women,84.0,https://www.fragrantica.com/perfume/Bath-Body-Works/Forever-Sunshine-9712.html,duplicate (earlier occurrence)
Bath Body Works,Gingham Fresh,women,82.0,https://www.fragrantica.com/perfume/Bath-Body-Works/Gingham-Fresh-81251.html,duplicate (earlier occurrence)
Bath Body Works,Gingham Gorgeous,women,87.0,https://www.fragrantica.com/perfume/Bath-Body-Works/Gingham-Gorgeous-81249.html,duplicate (earlier occurrence)
Bath Body Works,Gingham Vibrant,women,86.0,https://www.fragrantica.com/perfume/Bath-Body-Works/Gingham-Vibrant-81250.html,duplicate (earlier occurrence)
Bath Body Works,Golden Sunflower,unisex,74.0,https://www.fragrantica.com/perfume/Bath-Body-Works/Golden-Sunflower-62573.html,duplicate (earlier occurrence)
Bath Body Works,Hibiscus Paradise,women,75.0,https://www.fragrantica.com/perfume/Bath-Body-Works/Hibiscus-Paradise-71250.html,duplicate (earlier occurrence)
Bath Body Works,Honey Wildflower,women,86.0,https://www.fragrantica.com/perfume/Bath-Body-Works/Honey-Wildflower-70627.html,duplicate (earlier occurrence)
Bath Body Works,Japanese Cherry Blossom,women,76.0,https://www.fragrantica.com/perfume/Bath-Body-Works/Japanese-Cherry-Blossom-3527.html,duplicate (earlier occurrence)
Bath Body Works,Love Always Wins,unisex,75.0,https://www.fragrantica.com/perfume/Bath-Body-Works/Love-Always-Wins-82375.html,duplicate (earlier occurrence)
Bath Body Works,Mad About You,women,81.0,https://www.fragrantica.com/perfume/Bath-Body-Works/Mad-About-You-23323.html,duplicate (earlier occurrence)
Bath Body Works,Magic In The Air,women,78.0,https://www.fragrantica.com/perfume/Bath-Body-Works/Magic-In-The-Air-41925.html,duplicate (earlier occurrence)
Bath Body Works,Midsummer Dream,women,80.0,https://www.fragrantica.com/perfume/Bath-Body-Works/Midsummer-Dream-70628.html,duplicate (earlier occurrence)
Bath Body Works,Moonlight Path,women,76.0,https://www.fragrantica.com/perfume/Bath-Body-Works/Moonlight-Path-3531.html,duplicate (earlier occurrence)
Bath Body Works,Pink Chiffon,women,85.0,https://www.fragrantica.com/perfume/Bath-Body-Works/Pink-Chiffon-14490.html,duplicate (earlier occurrence)
Bath Body Works,Pure Wonder,women,79.0,https://www.fragrantica.com/perfume/Bath-Body-Works/Pure-Wonder-70500.html,duplicate (earlier occurrence)
Bath Body Works,Rose,unisex,82.0,https://www.fragrantica.com/perfume/Bath-Body-Works/Rose-56365.html,duplicate (earlier occurrence)
Bath Body Works,Saltwater Breeze,unisex,81.0,https://www.fragrantica.com/perfume/Bath-Body-Works/Saltwater-Breeze-59588.html,duplicate (earlier occurrence)
Bath Body Works,Sensual Amber,women,85.0,https://www.fragrantica.com/perfume/Bath-Body-Works/Sensual-Amber-3540.html,duplicate (earlier occurrence)
Bath Body Works,Sweet Pea,women,77.0,https://www.fragrantica.com/perfume/Bath-Body-Works/Sweet-Pea-3542.html,duplicate (earlier occurrence)
Bath Body Works,Tahiti Island Dream,women,83.0,https://www.fragrantica.com/perfume/Bath-Body-Works/Tahiti-Island-Dream-31098.html,duplicate (earlier occurrence)
Bath Body Works,Tutti Frutti Candy,women,87.0,https://www.fragrantica.com/perfume/Bath-Body-Works/Tutti-Frutti-Candy-81268.html,duplicate (earlier occurrence)
Bath Body Works,Twilight Woods,women,83.0,https://www.fragrantica.com/perfume/Bath-Body-Works/Twilight-Woods-7219.html,duplicate (earlier occurrence)
Bath Body Works,Velvet Sugar,women,84.0,https://www.fragrantica.com/perfume/Bath-Body-Works/Velvet-Sugar-23018.html,duplicate (earlier occurrence)
Bath Body Works,Warm Vanilla Sugar,women,81.0,https://www.fragrantica.com/perfume/Bath-Body-Works/Warm-Vanilla-Sugar-3545.html,duplicate (earlier occurrence)
Bath Body Works,White Citrus,women,80.0,https://www.fragrantica.com/perfume/Bath-Body-Works/White-Citrus-21921.html,duplicate (earlier occurrence)
Bath Body Works,Wild Madagascar Vanilla,women,83.0,https://www.fragrantica.com/perfume/Bath-Body-Works/Wild-Madagascar-Vanilla-28154.html,duplicate (earlier occurrence)
Bath Body Works,Coastal Cliffs,men,73.0,https://www.fragrantica.com/perfume/Bath-Body-Works/Coastal-Cliffs-94569.html,duplicate (earlier occurrence)
Bath Body Works,Eucalyptus Spearmint,unisex,81.0,https://www.fragrantica.com/perfume/Bath-Body-Works/Eucalyptus-Spearmint-81718.html,duplicate (earlier occurrence)
Bath Body Works,Apple Blossom Lavender,women,80.0,https://www.fragrantica.com/perfume/Bath-Body-Works/Apple-Blossom-Lavender-78195.html,duplicate (earlier occurrence)
Bath Body Works,Cherry Limeade,women,79.0,https://www.fragrantica.com/perfume/Bath-Body-Works/Cherry-Limeade-77337.html,duplicate (earlier occurrence)
Bath Body Works,Fresh Sparkling Snow,women,82.0,https://www.fragrantica.com/perfume/Bath-Body-Works/Fresh-Sparkling-Snow-65018.html,duplicate (earlier occurrence)
Bath Body Works,Gingham,women,80.0,https://www.fragrantica.com/perfume/Bath-Body-Works/Gingham-77507.html,duplicate (earlier occurrence)
Bath Body Works,Gingham Love,women,83.0,https://www.fragrantica.com/perfume/Bath-Body-Works/Gingham-Love-77508.html,duplicate (earlier occurrence)
Bath Body Works,Love Always Wins,women,68.0,https://www.fragrantica.com/perfume/Bath-Body-Works/Love-Always-Wins-93224.html,duplicate (earlier occurrence)
Bath Body Works,Marshmallow Pumpkin Latte,women,83.0,https://www.fragrantica.com/perfume/Bath-Body-Works/Marshmallow-Pumpkin-Latte-56359.html,duplicate (earlier occurrence)
Bath Body Works,Maui Mango Surf,women,78.0,https://www.fragrantica.com/perfume/Bath-Body-Works/Maui-Mango-Surf-77517.html,duplicate (earlier occurrence)
Bath Body Works,Night Blooming Jasmine,women,83.0,https://www.fragrantica.com/perfume/Bath-Body-Works/Night-Blooming-Jasmine-64798.html,duplicate (earlier occurrence)
Bath Body Works,Oahu Coconut Sunset,women,88.0,https://www.fragrantica.com/perfume/Bath-Body-Works/Oahu-Coconut-Sunset-77521.html,duplicate (earlier occurrence)
Bath Body Works,Strawberry Pound Cake,women,82.0,https://www.fragrantica.com/perfume/Bath-Body-Works/Strawberry-Pound-Cake-60030.html,duplicate (earlier occurrence)
Bath Body Works,Waikiki Beach Coconut,women,84.0,https://www.fragrantica.com/perfume/Bath-Body-Works/Waikiki-Beach-Coconut-62352.html,duplicate (earlier occurrence)
Bath Body Works,Gingham,unisex,78.0,https://www.fragrantica.com/perfume/Bath-Body-Works/Gingham-56361.html,duplicate (earlier occurrence)
Cacharel,Amor Amor L Eau,women,75.0,https://www.fragrantica.com/perfume/Cacharel/Amor-Amor-L-Eau-37605.html,duplicate (earlier occurrence)
Cacharel,Anais Anais Premier Delice L Eau,women,81.0,https://www.fragrantica.com/perfume/Cacharel/Anais-Anais-Premier-Delice-L-Eau-38118.html,duplicate (earlier occurrence)
Cacharel,Noa L Eau,women,79.0,https://www.fragrantica.com/perfume/Cacharel/Noa-L-Eau-37606.html,duplicate (earlier occurrence)
Cacharel,Amor Amor L Eau,women,74.0,https://www.fragrantica.com/perfume/Cacharel/Amor-Amor-L-Eau-24485.html,duplicate (earlier occurrence)
Cacharel,Noa L Eau,women,79.0,https://www.fragrantica.com/perfume/Cacharel/Noa-L-Eau-24484.html,duplicate (earlier occurrence)
Calvin Klein,CK One Collector s Edition,women,81.0,https://www.fragrantica.com/perfume/Calvin-Klein/CK-One-Collector-s-Edition-53472.html,duplicate (earlier occurrence)
Calvin Klein,Contradiction,women,75.0,https://www.fragrantica.com/perfume/Calvin-Klein/Contradiction-255.html,duplicate (earlier occurrence)
Commodity,Book,unisex,69.0,https://www.fragrantica.com/perfume/Commodity/Book-70014.html,duplicate (earlier occurrence)
Commodity,Gold,unisex,71.0,https://www.fragrantica.com/perfume/Commodity/Gold-70015.html,duplicate (earlier occurrence)
Commodity,Juice,unisex,71.0,https://www.fragrantica.com/perfume/Commodity/Juice-94562.html,duplicate (earlier occurrence)
Commodity,Milk,unisex,81.0,https://www.fragrantica.com/perfume/Commodity/Milk-70012.html,duplicate (earlier occurrence)
Commodity,Moss,unisex,73.0,https://www.fragrantica.com/perfume/Commodity/Moss-70011.html,duplicate (earlier occurrence)
Commodity,Paper,unisex,73.0,https://www.fragrantica.com/perfume/Commodity/Paper-70013.html,duplicate (earlier occurrence)
Commodity,Velvet,unisex,72.0,https://www.fragrantica.com/perfume/Commodity/Velvet-70016.html,duplicate (earlier occurrence)
Commodity,Book,unisex,72.0,https://www.fragrantica.com/perfume/Commodity/Book-50618.html,duplicate (earlier occurrence)
Commodity,Gold,unisex,81.0,https://www.fragrantica.com/perfume/Commodity/Gold-71608.html,duplicate (earlier occurrence)
Commodity,Juice,unisex,71.0,https://www.fragrantica.com/perfume/Commodity/Juice-94564.html,duplicate (earlier occurrence)
Commodity,Milk,unisex,77.0,https://www.fragrantica.com/perfume/Commodity/Milk-69191.html,duplicate (earlier occurrence)
Commodity,Moss,unisex,78.0,https://www.fragrantica.com/perfume/Commodity/Moss-29553.html,duplicate (earlier occurrence)
Commodity,Paper,unisex,63.0,https://www.fragrantica.com/perfume/Commodity/Paper-71609.html,duplicate (earlier occurrence)
Commodity,Velvet,unisex,78.0,https://www.fragrantica.com/perfume/Commodity/Velvet-50616.html,duplicate (earlier occurrence)
Commodity,Book,unisex,70.0,https://www.fragrantica.com/perfume/Commodity/Book-70022.html,duplicate (earlier occurrence)
Commodity,Gold,unisex,79.0,https://www.fragrantica.com/perfume/Commodity/Gold-70024.html,duplicate (earlier occurrence)
Commodity,Moss,unisex,74.0,https://www.fragrantica.com/perfume/Commodity/Moss-70019.html,duplicate (earlier occurrence)
Commodity,Paper,unisex,68.0,https://www.fragrantica.com/perfume/Commodity/Paper-70020.html,duplicate (earlier occurrence)
Commodity,Gold,unisex,81.0,https://www.fragrantica.com/perfume/Commodity/Gold-29539.html,duplicate (earlier occurrence)
Commodity,Mimosa,unisex,73.0,https://www.fragrantica.com/perfume/Commodity/Mimosa-50620.html,duplicate (earlier occurrence)
Commodity,Tea,unisex,76.0,https://www.fragrantica.com/perfume/Commodity/Tea-50622.html,duplicate (earlier occurrence)
Commodity,Gin,unisex,76.0,https://www.fragrantica.com/perfume/Commodity/Gin-50619.html,duplicate (earlier occurrence)
Commodity,Paper,men,64.0,https://www.fragrantica.com/perfume/Commodity/Paper-29557.html,duplicate (earlier occurrence)
Commodity,Whiskey,men,75.0,https://www.fragrantica.com/perfume/Commodity/Whiskey-29556.html,duplicate (earlier occurrence)
Creed,Zeste Mandarine,unisex,80.0,https://www.fragrantica.com/perfume/Creed/Zeste-Mandarine-7274.html,duplicate (earlier occurrence)
DS Durga,$ ds&durga,men,83.0,https://www.fragrantica.com/perfume/DS-Durga/-8801.html,duplicate (earlier occurrence)
DS Durga,1538 Rheims,women,,https://www.fragrantica.com/perfume/DS-Durga/1538-Rheims-9182.html,duplicate (earlier occurrence)
DS Durga,Amber Kiso,unisex,82.0,https://www.fragrantica.com/perfume/DS-Durga/Amber-Kiso-53002.html,duplicate (earlier occurrence)
DS Durga,Amber Teutonic,unisex,81.0,https://www.fragrantica.com/perfume/DS-Durga/Amber-Teutonic-53003.html,duplicate (earlier occurrence)
DS Durga,Barbados,men,76.0,https://www.fragrantica.com/perfume/DS-Durga/Barbados-8802.html,duplicate (earlier occurrence)
DS Durga,Beartrapper,men,88.0,https://www.fragrantica.com/perfume/DS-Durga/Beartrapper-8803.html,duplicate (earlier occurrence)
DS Durga,Beverly Hills 1985,women,100.0,https://www.fragrantica.com/perfume/DS-Durga/Beverly-Hills-1985-9050.html,duplicate (earlier occurrence)
DS Durga,Big Sur Eucalyptus,unisex,72.0,https://www.fragrantica.com/perfume/DS-Durga/Big-Sur-Eucalyptus-88051.html,duplicate (earlier occurrence)
DS Durga,Bistro Waters,unisex,69.0,https://www.fragrantica.com/perfume/DS-Durga/Bistro-Waters-73416.html,duplicate (earlier occurrence)
DS Durga,Black Magenta,unisex,73.0,https://www.fragrantica.com/perfume/DS-Durga/Black-Magenta-90712.html,duplicate (earlier occurrence)
DS Durga,Bleeding Heart Patchouli,unisex,87.0,https://www.fragrantica.com/perfume/DS-Durga/Bleeding-Heart-Patchouli-64039.html,duplicate (earlier occurrence)
DS Durga,Boston Ivy,men,78.0,https://www.fragrantica.com/perfume/DS-Durga/Boston-Ivy-12017.html,duplicate (earlier occurrence)
DS Durga,Bowmakers,unisex,83.0,https://www.fragrantica.com/perfume/DS-Durga/Bowmakers-22058.html,duplicate (earlier occurrence)
DS Durga,Bowmakers Pocket Perfume,unisex,80.0,https://www.fragrantica.com/perfume/DS-Durga/Bowmakers-Pocket-Perfume-71948.html,duplicate (earlier occurrence)
DS Durga,Burning Barbershop,men,76.0,https://www.fragrantica.com/perfume/DS-Durga/Burning-Barbershop-8807.html,duplicate (earlier occurrence)
DS Durga,Cedar,women,,https://www.fragrantica.com/perfume/DS-Durga/Cedar-8799.html,duplicate (earlier occurrence)
DS Durga,Colorado Florida,unisex,80.0,https://www.fragrantica.com/perfume/DS-Durga/Colorado-Florida-28853.html,duplicate (earlier occurrence)
DS Durga,Coriander,women,81.0,https://www.fragrantica.com/perfume/DS-Durga/Coriander-8798.html,duplicate (earlier occurrence)
DS Durga,Cowboy Grass,men,80.0,https://www.fragrantica.com/perfume/DS-Durga/Cowboy-Grass-8805.html,duplicate (earlier occurrence)
DS Durga,Cowgirl Grass,women,80.0,https://www.fragrantica.com/perfume/DS-Durga/Cowgirl-Grass-8793.html,duplicate (earlier occurrence)
DS Durga,Crush Balls,unisex,71.0,https://www.fragrantica.com/perfume/DS-Durga/Crush-Balls-84120.html,duplicate (earlier occurrence)
DS Durga,Crystal Pistil,unisex,79.0,https://www.fragrantica.com/perfume/DS-Durga/Crystal-Pistil-59884.html,duplicate (earlier occurrence)
DS Durga,D S,unisex,79.0,https://www.fragrantica.com/perfume/DS-Durga/D-S-53706.html,duplicate (earlier occurrence)
DS Durga,Debaser,unisex,84.0,https://www.fragrantica.com/perfume/DS-Durga/Debaser-29736.html,duplicate (earlier occurrence)
DS Durga,Debaser Pocket Perfume,unisex,96.0,https://www.fragrantica.com/perfume/DS-Durga/Debaser-Pocket-Perfume-71949.html,duplicate (earlier occurrence)
DS Durga,Deep Dark Vanilla,unisex,62.0,https://www.fragrantica.com/perfume/DS-Durga/Deep-Dark-Vanilla-84717.html,duplicate (earlier occurrence)
DS Durga,Desert Paintbrush,unisex,78.0,https://www.fragrantica.com/perfume/DS-Durga/Desert-Paintbrush-68883.html,duplicate (earlier occurrence)
DS Durga,DS Durga x Todd Snyder Young Dunes,unisex,80.0,https://www.fragrantica.com/perfume/DS-Durga/DS-Durga-x-Todd-Snyder-Young-Dunes-79246.html,duplicate (earlier occurrence)
DS Durga,Durga,women,77.0,https://www.fragrantica.com/perfume/DS-Durga/Durga-43398.html,duplicate (earlier occurrence)
DS Durga,Duzina Rozi,unisex,62.0,https://www.fragrantica.com/perfume/DS-Durga/Duzina-Rozi-59319.html,duplicate (earlier occurrence)
DS Durga,Dylan,unisex,68.0,https://www.fragrantica.com/perfume/DS-Durga/Dylan-70980.html,duplicate (earlier occurrence)
DS Durga,East Mid East,women,100.0,https://www.fragrantica.com/perfume/DS-Durga/East-Mid-East-9179.html,duplicate (earlier occurrence)
DS Durga,El Cosmico,unisex,70.0,https://www.fragrantica.com/perfume/DS-Durga/El-Cosmico-32535.html,duplicate (earlier occurrence)
DS Durga,Empress Jingu,unisex,100.0,https://www.fragrantica.com/perfume/DS-Durga/Empress-Jingu-10234.html,duplicate (earlier occurrence)
DS Durga,Eve s Saint L Orange,men,80.0,https://www.fragrantica.com/perfume/DS-Durga/Eve-s-Saint-L-Orange-28856.html,duplicate (earlier occurrence)
DS Durga,First Light Five Boroughs,unisex,57.0,https://www.fragrantica.com/perfume/DS-Durga/First-Light-Five-Boroughs-62132.html,duplicate (earlier occurrence)
DS Durga,Five Step Waltz,women,85.0,https://www.fragrantica.com/perfume/DS-Durga/Five-Step-Waltz-12009.html,duplicate (earlier occurrence)
DS Durga,Foxhunt,unisex,40.0,https://www.fragrantica.com/perfume/DS-Durga/Foxhunt-10233.html,duplicate (earlier occurrence)
DS Durga,Freetrapper,men,83.0,https://www.fragrantica.com/perfume/DS-Durga/Freetrapper-12015.html,duplicate (earlier occurrence)
DS Durga,Gateau Blackout,unisex,79.0,https://www.fragrantica.com/perfume/DS-Durga/Gateau-Blackout-92267.html,duplicate (earlier occurrence)
DS Durga,Grapefruit,women,75.0,https://www.fragrantica.com/perfume/DS-Durga/Grapefruit-8797.html,duplicate (earlier occurrence)
DS Durga,Grapefruit Generation,unisex,76.0,https://www.fragrantica.com/perfume/DS-Durga/Grapefruit-Generation-69599.html,duplicate (earlier occurrence)
DS Durga,Handbook For The Recently Deceased,unisex,60.0,https://www.fragrantica.com/perfume/DS-Durga/Handbook-For-The-Recently-Deceased-70053.html,duplicate (earlier occurrence)
DS Durga,I Don t Know What,unisex,75.0,https://www.fragrantica.com/perfume/DS-Durga/I-Don-t-Know-What-50118.html,duplicate (earlier occurrence)
DS Durga,Italian Citrus,men,73.0,https://www.fragrantica.com/perfume/DS-Durga/Italian-Citrus-12014.html,duplicate (earlier occurrence)
DS Durga,J Crew Homesteader s Cologne,men,90.0,https://www.fragrantica.com/perfume/DS-Durga/J-Crew-Homesteader-s-Cologne-20608.html,duplicate (earlier occurrence)
DS Durga,Jazmin Yucatan,unisex,81.0,https://www.fragrantica.com/perfume/DS-Durga/Jazmin-Yucatan-59589.html,duplicate (earlier occurrence)
DS Durga,Juniper,men,80.0,https://www.fragrantica.com/perfume/DS-Durga/Juniper-8811.html,duplicate (earlier occurrence)
DS Durga,Lady Greystock,women,90.0,https://www.fragrantica.com/perfume/DS-Durga/Lady-Greystock-12113.html,duplicate (earlier occurrence)
DS Durga,Leatherize,unisex,74.0,https://www.fragrantica.com/perfume/DS-Durga/Leatherize-76147.html,duplicate (earlier occurrence)
DS Durga,Let s Dive,unisex,76.0,https://www.fragrantica.com/perfume/DS-Durga/Let-s-Dive-94181.html,duplicate (earlier occurrence)
DS Durga,Lilac City,unisex,89.0,https://www.fragrantica.com/perfume/DS-Durga/Lilac-City-61237.html,duplicate (earlier occurrence)
DS Durga,M Head Reds,men,90.0,https://www.fragrantica.com/perfume/DS-Durga/M-Head-Reds-8806.html,duplicate (earlier occurrence)
DS Durga,Magnolia City,unisex,87.0,https://www.fragrantica.com/perfume/DS-Durga/Magnolia-City-67397.html,duplicate (earlier occurrence)
DS Durga,Mahogany Kora,unisex,69.0,https://www.fragrantica.com/perfume/DS-Durga/Mahogany-Kora-82635.html,duplicate (earlier occurrence)
DS Durga,Mississippi Medicine,men,80.0,https://www.fragrantica.com/perfume/DS-Durga/Mississippi-Medicine-12013.html,duplicate (earlier occurrence)
DS Durga,My Indian Childhood,women,79.0,https://www.fragrantica.com/perfume/DS-Durga/My-Indian-Childhood-8796.html,duplicate (earlier occurrence)
DS Durga,Notorious Oud,unisex,79.0,https://www.fragrantica.com/perfume/DS-Durga/Notorious-Oud-56041.html,duplicate (earlier occurrence)
DS Durga,Orris Root,men,78.0,https://www.fragrantica.com/perfume/DS-Durga/Orris-Root-8812.html,duplicate (earlier occurrence)
DS Durga,Osmanthus,men,70.0,https://www.fragrantica.com/perfume/DS-Durga/Osmanthus-12016.html,duplicate (earlier occurrence)
DS Durga,Petitgrain Sur Fleur,women,85.0,https://www.fragrantica.com/perfume/DS-Durga/Petitgrain-Sur-Fleur-9211.html,duplicate (earlier occurrence)
DS Durga,Pistachio,unisex,68.0,https://www.fragrantica.com/perfume/DS-Durga/Pistachio-72484.html,duplicate (earlier occurrence)
DS Durga,Plumes,unisex,64.0,https://www.fragrantica.com/perfume/DS-Durga/Plumes-82800.html,duplicate (earlier occurrence)
DS Durga,Pomelo Blossom,women,82.0,https://www.fragrantica.com/perfume/DS-Durga/Pomelo-Blossom-9210.html,duplicate (earlier occurrence)
DS Durga,Poppy Rouge,women,78.0,https://www.fragrantica.com/perfume/DS-Durga/Poppy-Rouge-12010.html,duplicate (earlier occurrence)
DS Durga,Radio Bombay,unisex,79.0,https://www.fragrantica.com/perfume/DS-Durga/Radio-Bombay-39430.html,duplicate (earlier occurrence)
DS Durga,Resin,men,73.0,https://www.fragrantica.com/perfume/DS-Durga/Resin-8800.html,duplicate (earlier occurrence)
DS Durga,Rockaway Beach,unisex,73.0,https://www.fragrantica.com/perfume/DS-Durga/Rockaway-Beach-62600.html,duplicate (earlier occurrence)
DS Durga,Rosa Americana,women,76.0,https://www.fragrantica.com/perfume/DS-Durga/Rosa-Americana-8795.html,duplicate (earlier occurrence)
DS Durga,Rose Atlantic,unisex,75.0,https://www.fragrantica.com/perfume/DS-Durga/Rose-Atlantic-39837.html,duplicate (earlier occurrence)
DS Durga,Royal Purpure,unisex,90.0,https://www.fragrantica.com/perfume/DS-Durga/Royal-Purpure-9180.html,duplicate (earlier occurrence)
DS Durga,Sexy Viking,unisex,81.0,https://www.fragrantica.com/perfume/DS-Durga/Sexy-Viking-77013.html,duplicate (earlier occurrence)
DS Durga,Shake Shake Senora,women,71.0,https://www.fragrantica.com/perfume/DS-Durga/Shake-Shake-Senora-9212.html,duplicate (earlier occurrence)
DS Durga,Siberian Snow,women,77.0,https://www.fragrantica.com/perfume/DS-Durga/Siberian-Snow-8794.html,duplicate (earlier occurrence)
DS Durga,Silent Grove,women,75.0,https://www.fragrantica.com/perfume/DS-Durga/Silent-Grove-8792.html,duplicate (earlier occurrence)
DS Durga,Sir,men,78.0,https://www.fragrantica.com/perfume/DS-Durga/Sir-12012.html,duplicate (earlier occurrence)
DS Durga,Smoked Amber,women,84.0,https://www.fragrantica.com/perfume/DS-Durga/Smoked-Amber-9181.html,duplicate (earlier occurrence)
DS Durga,Spent Musket Oil,unisex,95.0,https://www.fragrantica.com/perfume/DS-Durga/Spent-Musket-Oil-14408.html,duplicate (earlier occurrence)
DS Durga,Spirit Lamp,unisex,68.0,https://www.fragrantica.com/perfume/DS-Durga/Spirit-Lamp-42251.html,duplicate (earlier occurrence)
DS Durga,St Vetyver,unisex,81.0,https://www.fragrantica.com/perfume/DS-Durga/St-Vetyver-66230.html,duplicate (earlier occurrence)
DS Durga,Staghorn Sumac,unisex,80.0,https://www.fragrantica.com/perfume/DS-Durga/Staghorn-Sumac-28854.html,duplicate (earlier occurrence)
DS Durga,Steamed Rainbow,unisex,82.0,https://www.fragrantica.com/perfume/DS-Durga/Steamed-Rainbow-79740.html,duplicate (earlier occurrence)
DS Durga,Suckle Honey City,unisex,73.0,https://www.fragrantica.com/perfume/DS-Durga/Suckle-Honey-City-74431.html,duplicate (earlier occurrence)
DS Durga,Sweet Do Nothing,unisex,78.0,https://www.fragrantica.com/perfume/DS-Durga/Sweet-Do-Nothing-68475.html,duplicate (earlier occurrence)
DS Durga,Tanng Sport,men,,https://www.fragrantica.com/perfume/DS-Durga/Tanng-Sport-28857.html,duplicate (earlier occurrence)
DS Durga,The Carlyle,unisex,78.0,https://www.fragrantica.com/perfume/DS-Durga/The-Carlyle-80205.html,duplicate (earlier occurrence)
DS Durga,The Greatest Cologne of All Time,unisex,52.0,https://www.fragrantica.com/perfume/DS-Durga/The-Greatest-Cologne-of-All-Time-77854.html,duplicate (earlier occurrence)
DS Durga,The Orchid Drinkers,women,73.0,https://www.fragrantica.com/perfume/DS-Durga/The-Orchid-Drinkers-12011.html,duplicate (earlier occurrence)
DS Durga,Vetyver,men,70.0,https://www.fragrantica.com/perfume/DS-Durga/Vetyver-8810.html,duplicate (earlier occurrence)
DS Durga,Vio Volta,unisex,60.0,https://www.fragrantica.com/perfume/DS-Durga/Vio-Volta-46823.html,duplicate (earlier occurrence)
DS Durga,Wear at Maximum Volume,unisex,70.0,https://www.fragrantica.com/perfume/DS-Durga/Wear-at-Maximum-Volume-93145.html,duplicate (earlier occurrence)
DS Durga,When a Mandarin Loves a Woman,men,80.0,https://www.fragrantica.com/perfume/DS-Durga/When-a-Mandarin-Loves-a-Woman-28855.html,duplicate (earlier occurrence)
DS Durga,White Peacock Lily,unisex,76.0,https://www.fragrantica.com/perfume/DS-Durga/White-Peacock-Lily-39838.html,duplicate (earlier occurrence)
DS Durga,Come Undone,unisex,80.0,https://www.fragrantica.com/perfume/DS-Durga/Come-Undone-51933.html,duplicate (earlier occurrence)
DS Durga,Hungry Like the Wolf,unisex,86.0,https://www.fragrantica.com/perfume/DS-Durga/Hungry-Like-the-Wolf-51934.html,duplicate (earlier occurrence)
DS Durga,Skin Divers,unisex,87.0,https://www.fragrantica.com/perfume/DS-Durga/Skin-Divers-51932.html,duplicate (earlier occurrence)
DS Durga,You Kill Me With Silence,unisex,91.0,https://www.fragrantica.com/perfume/DS-Durga/You-Kill-Me-With-Silence-51931.html,duplicate (earlier occurrence)
DS Durga,Bitter Rose Broken Spear,unisex,80.0,https://www.fragrantica.com/perfume/DS-Durga/Bitter-Rose-Broken-Spear-18361.html,duplicate (earlier occurrence)
DS Durga,Foxglove,unisex,79.0,https://www.fragrantica.com/perfume/DS-Durga/Foxglove-28852.html,duplicate (earlier occurrence)
DS Durga,Isle Ryder,unisex,81.0,https://www.fragrantica.com/perfume/DS-Durga/Isle-Ryder-18362.html,duplicate (earlier occurrence)
DS Durga,Pale Grey Mountain Small Black Lake,unisex,83.0,https://www.fragrantica.com/perfume/DS-Durga/Pale-Grey-Mountain-Small-Black-Lake-18360.html,duplicate (earlier occurrence)
DS Durga,Spirit of the Glen,unisex,84.0,https://www.fragrantica.com/perfume/DS-Durga/Spirit-of-the-Glen-21756.html,duplicate (earlier occurrence)
DS Durga,40 Million Year Old Amber,unisex,49.0,https://www.fragrantica.com/perfume/DS-Durga/40-Million-Year-Old-Amber-79572.html,duplicate (earlier occurrence)
DS Durga,Peanut,unisex,74.0,https://www.fragrantica.com/perfume/DS-Durga/Peanut-89417.html,duplicate (earlier occurrence)
DS Durga,Roman Fruit Sellers,unisex,48.0,https://www.fragrantica.com/perfume/DS-Durga/Roman-Fruit-Sellers-78329.html,duplicate (earlier occurrence)
DS Durga,Roman Ruin Cypress,unisex,78.0,https://www.fragrantica.com/perfume/DS-Durga/Roman-Ruin-Cypress-88494.html,duplicate (earlier occurrence)
DS Durga,Royal Kinam Oud,unisex,80.0,https://www.fragrantica.com/perfume/DS-Durga/Royal-Kinam-Oud-79053.html,duplicate (earlier occurrence)
DS Durga,Salem Gothic,unisex,78.0,https://www.fragrantica.com/perfume/DS-Durga/Salem-Gothic-86328.html,duplicate (earlier occurrence)
Davidoff,Cool Water,men,78.0,https://www.fragrantica.com/perfume/Davidoff/Cool-Water-507.html,duplicate (earlier occurrence)
Davidoff,Cool Water Frozen,women,80.0,https://www.fragrantica.com/perfume/Davidoff/Cool-Water-Frozen-1331.html,duplicate (earlier occurrence)
Davidoff,Cool Water Oceanic Edition,men,74.0,https://www.fragrantica.com/perfume/Davidoff/Cool-Water-Oceanic-Edition-84033.html,duplicate (earlier occurrence)
Davidoff,Cool Water Sea Scent and Sun,women,76.0,https://www.fragrantica.com/perfume/Davidoff/Cool-Water-Sea-Scent-and-Sun-1329.html,duplicate (earlier occurrence)
Davidoff,Cool Water Wave,women,70.0,https://www.fragrantica.com/perfume/Davidoff/Cool-Water-Wave-1318.html,duplicate (earlier occurrence)
Demeter Fragrance,Fresh Brewed Coffee,unisex,83.0,https://www.fragrantica.com/perfume/Demeter-Fragrance/Fresh-Brewed-Coffee-45250.html,duplicate (earlier occurrence)
Demeter Fragrance,Vanilla Cake Batter,unisex,72.0,https://www.fragrantica.com/perfume/Demeter-Fragrance/Vanilla-Cake-Batter-6030.html,duplicate (earlier occurrence)
Dior,J Adore Extrait de Parfum,women,78.0,https://www.fragrantica.com/perfume/Dior/J-Adore-Extrait-de-Parfum-11398.html,duplicate (earlier occurrence)
Dior,J Adore L Absolu,women,81.0,https://www.fragrantica.com/perfume/Dior/J-Adore-L-Absolu-4496.html,duplicate (earlier occurrence)
Dior,Ambre Nuit,unisex,88.0,https://www.fragrantica.com/perfume/Dior/Ambre-Nuit-7092.html,duplicate (earlier occurrence)
Dior,Oud Ispahan,unisex,82.0,https://www.fragrantica.com/perfume/Dior/Oud-Ispahan-15231.html,duplicate (earlier occurrence)
Diptyque,Do Son Limited Edition,unisex,74.0,https://www.fragrantica.com/perfume/Diptyque/Do-Son-Limited-Edition-90244.html,duplicate (earlier occurrence)
Dolce Gabbana,By,women,84.0,https://www.fragrantica.com/perfume/Dolce-Gabbana/By-489.html,duplicate (earlier occurrence)
Estee Lauder,Cinnabar,women,80.0,https://www.fragrantica.com/perfume/Estee-Lauder/Cinnabar-546.html,duplicate (earlier occurrence)
Estee Lauder,Estee,women,76.0,https://www.fragrantica.com/perfume/Estee-Lauder/Estee-544.html,duplicate (earlier occurrence)
Estee Lauder,SpellBound,women,80.0,https://www.fragrantica.com/perfume/Estee-Lauder/SpellBound-552.html,duplicate (earlier occurrence)
Estee Lauder,Tuscany Per Donna,women,85.0,https://www.fragrantica.com/perfume/Estee-Lauder/Tuscany-Per-Donna-551.html,duplicate (earlier occurrence)
Estee Lauder,Aliage,women,81.0,https://www.fragrantica.com/perfume/Estee-Lauder/Aliage-3664.html,duplicate (earlier occurrence)
Estee Lauder,Azuree,women,85.0,https://www.fragrantica.com/perfume/Estee-Lauder/Azuree-554.html,duplicate (earlier occurrence)
Estee Lauder,Beyond Paradise,women,73.0,https://www.fragrantica.com/perfume/Estee-Lauder/Beyond-Paradise-530.html,duplicate (earlier occurrence)
Estee Lauder,Intuition,women,82.0,https://www.fragrantica.com/perfume/Estee-Lauder/Intuition-58599.html,duplicate (earlier occurrence)
Giorgio Armani,Acqua di Gio,men,82.0,https://www.fragrantica.com/perfume/Giorgio-Armani/Acqua-di-Gio-410.html,duplicate (earlier occurrence)
Giorgio Armani,Armani Mania,men,86.0,https://www.fragrantica.com/perfume/Giorgio-Armani/Armani-Mania-414.html,duplicate (earlier occurrence)
Giorgio Armani,Emporio Armani Night,men,85.0,https://www.fragrantica.com/perfume/Giorgio-Armani/Emporio-Armani-Night-421.html,duplicate (earlier occurrence)
Givenchy,Be Givenchy,women,79.0,https://www.fragrantica.com/perfume/Givenchy/Be-Givenchy-5112.html,duplicate (earlier occurrence)
American Eagle,Live,men,85.0,https://www.fragrantica.com/perfume/American-Eagle/Live-17729.html,duplicate (earlier occurrence)
American Eagle,Real,women,88.0,https://www.fragrantica.com/perfume/American-Eagle/Real-17731.html,duplicate (earlier occurrence)
American Eagle,Seventy Seven,men,88.0,https://www.fragrantica.com/perfume/American-Eagle/Seventy-Seven-17733.html,duplicate (earlier occurrence)
American Eagle,True,women,84.0,https://www.fragrantica.com/perfume/American-Eagle/True-17739.html,duplicate (earlier occurrence)
Amway,Ancestry,women,79.0,https://www.fragrantica.com/perfume/Amway/Ancestry-8911.html,duplicate (earlier occurrence)
Amway,Anticipate,women,77.0,https://www.fragrantica.com/perfume/Amway/Anticipate-8910.html,duplicate (earlier occurrence)
Amway,Opportune,men,76.0,https://www.fragrantica.com/perfume/Amway/Opportune-8919.html,duplicate (earlier occurrence)
Amway,Quixotic,women,65.0,https://www.fragrantica.com/perfume/Amway/Quixotic-8914.html,duplicate (earlier occurrence)
Gritti,Fenice,unisex,67.0,https://www.fragrantica.com/perfume/Gritti/Fenice-50728.html,duplicate (earlier occurrence)
Guerlain,Champs Elysees Eau de Parfum,women,81.0,https://www.fragrantica.com/perfume/Guerlain/Champs-Elysees-Eau-de-Parfum-25330.html,duplicate (earlier occurrence)
Guerlain,Champs Elysees Eau de Toilette,women,79.0,https://www.fragrantica.com/perfume/Guerlain/Champs-Elysees-Eau-de-Toilette-66.html,duplicate (earlier occurrence)
Guerlain,L Heure de Nuit,unisex,86.0,https://www.fragrantica.com/perfume/Guerlain/L-Heure-de-Nuit-38806.html,duplicate (earlier occurrence)
Guerlain,Spiritueuse Double Vanille,unisex,87.0,https://www.fragrantica.com/perfume/Guerlain/Spiritueuse-Double-Vanille-38809.html,duplicate (earlier occurrence)
Guerlain,Insolence Eau de Parfum,women,83.0,https://www.fragrantica.com/perfume/Guerlain/Insolence-Eau-de-Parfum-4566.html,duplicate (earlier occurrence)
Guerlain,Insolence Eau de Parfum,women,82.0,https://www.fragrantica.com/perfume/Guerlain/Insolence-Eau-de-Parfum-58910.html,duplicate (earlier occurrence)
Guerlain,Insolence Eau de Toilette,women,82.0,https://www.fragrantica.com/perfume/Guerlain/Insolence-Eau-de-Toilette-58912.html,duplicate (earlier occurrence)
Guerlain,L Heure Bleue Eau de Parfum,women,86.0,https://www.fragrantica.com/perfume/Guerlain/L-Heure-Bleue-Eau-de-Parfum-208.html,duplicate (earlier occurrence)
Guerlain,L Heure Bleue Eau de Toilette,women,86.0,https://www.fragrantica.com/perfume/Guerlain/L-Heure-Bleue-Eau-de-Toilette-41153.html,duplicate (earlier occurrence)
Guerlain,La Petite Robe Noire,women,70.0,https://www.fragrantica.com/perfume/Guerlain/La-Petite-Robe-Noire-5454.html,duplicate (earlier occurrence)
Guerlain,Liu,women,86.0,https://www.fragrantica.com/perfume/Guerlain/Liu-68502.html,duplicate (earlier occurrence)
Guerlain,Mitsouko Eau de Toilette,women,81.0,https://www.fragrantica.com/perfume/Guerlain/Mitsouko-Eau-de-Toilette-67314.html,duplicate (earlier occurrence)
Guerlain,Samsara Eau de Parfum,women,77.0,https://www.fragrantica.com/perfume/Guerlain/Samsara-Eau-de-Parfum-67313.html,duplicate (earlier occurrence)
Guerlain,Samsara Eau de Toilette,women,84.0,https://www.fragrantica.com/perfume/Guerlain/Samsara-Eau-de-Toilette-67534.html,duplicate (earlier occurrence)
Jo Malone London,Earl Grey Cucumber,unisex,77.0,https://www.fragrantica.com/perfume/Jo-Malone-London/Earl-Grey-Cucumber-79437.html,duplicate (earlier occurrence)
Jo Malone London,Nashi Blossom,unisex,71.0,https://www.fragrantica.com/perfume/Jo-Malone-London/Nashi-Blossom-37551.html,duplicate (earlier occurrence)
Jo Malone London,Poppy Barley,unisex,79.0,https://www.fragrantica.com/perfume/Jo-Malone-London/Poppy-Barley-56152.html,duplicate (earlier occurrence)
Jo Malone London,Silk Blossom,women,79.0,https://www.fragrantica.com/perfume/Jo-Malone-London/Silk-Blossom-24717.html,duplicate (earlier occurrence)
Jo Malone London,Hemlock Bergamot,unisex,80.0,https://www.fragrantica.com/perfume/Jo-Malone-London/Hemlock-Bergamot-79439.html,duplicate (earlier occurrence)
Jo Malone London,Redcurrant Cream,unisex,82.0,https://www.fragrantica.com/perfume/Jo-Malone-London/Redcurrant-Cream-79436.html,duplicate (earlier occurrence)
Jo Malone London,Amber Patchouli,unisex,81.0,https://www.fragrantica.com/perfume/Jo-Malone-London/Amber-Patchouli-12927.html,duplicate (earlier occurrence)
Jo Malone London,Velvet Rose Oud Cologne Intense,unisex,77.0,https://www.fragrantica.com/perfume/Jo-Malone-London/Velvet-Rose-Oud-Cologne-Intense-55758.html,duplicate (earlier occurrence)
Jo Malone London,Assam Grapefruit,men,89.0,https://www.fragrantica.com/perfume/Jo-Malone-London/Assam-Grapefruit-51684.html,duplicate (earlier occurrence)
Jo Malone London,Whisky Cedarwood,men,85.0,https://www.fragrantica.com/perfume/Jo-Malone-London/Whisky-Cedarwood-51681.html,duplicate (earlier occurrence)
Jo Malone London,Rose Blush Cologne,unisex,78.0,https://www.fragrantica.com/perfume/Jo-Malone-London/Rose-Blush-Cologne-66880.html,duplicate (earlier occurrence)
Kate Spade,Live Colorfully Sunset,women,82.0,https://www.fragrantica.com/perfume/Kate-Spade/Live-Colorfully-Sunset-47921.html,duplicate (earlier occurrence)
Kenzo,Time for Peace,men,87.0,https://www.fragrantica.com/perfume/Kenzo/Time-for-Peace-9619.html,duplicate (earlier occurrence)
Kenzo,Kenzo Homme Eau de Parfum,men,76.0,https://www.fragrantica.com/perfume/Kenzo/Kenzo-Homme-Eau-de-Parfum-35396.html,duplicate (earlier occurrence)
Lancome,Sagamore,men,86.0,https://www.fragrantica.com/perfume/Lancome/Sagamore-6829.html,duplicate (earlier occurrence)
Lancome,Mille et Une Roses,women,88.0,https://www.fragrantica.com/perfume/Lancome/Mille-et-Une-Roses-179.html,duplicate (earlier occurrence)
Lattafa Perfumes,Ser Al Khulood,unisex,73.0,https://www.fragrantica.com/perfume/Lattafa-Perfumes/Ser-Al-Khulood-25851.html,duplicate (earlier occurrence)
Lush,Barbie,unisex,74.0,https://www.fragrantica.com/perfume/Lush/Barbie-84111.html,duplicate (earlier occurrence)
Lush,Big,unisex,82.0,https://www.fragrantica.com/perfume/Lush/Big-10801.html,duplicate (earlier occurrence)
Lush,Calacas,unisex,87.0,https://www.fragrantica.com/perfume/Lush/Calacas-22740.html,duplicate (earlier occurrence)
Lush,Celebrate,unisex,84.0,https://www.fragrantica.com/perfume/Lush/Celebrate-29171.html,duplicate (earlier occurrence)
Lush,Creamy Candy,unisex,80.0,https://www.fragrantica.com/perfume/Lush/Creamy-Candy-22220.html,duplicate (earlier occurrence)
Lush,Ectoplasm,unisex,77.0,https://www.fragrantica.com/perfume/Lush/Ectoplasm-52251.html,duplicate (earlier occurrence)
Lush,Jungle,unisex,85.0,https://www.fragrantica.com/perfume/Lush/Jungle-29172.html,duplicate (earlier occurrence)
Lush,Snow Fairy,unisex,75.0,https://www.fragrantica.com/perfume/Lush/Snow-Fairy-22741.html,duplicate (earlier occurrence)
Lush,So White,unisex,78.0,https://www.fragrantica.com/perfume/Lush/So-White-8129.html,duplicate (earlier occurrence)
Lush,The Comforter,unisex,80.0,https://www.fragrantica.com/perfume/Lush/The-Comforter-22219.html,duplicate (earlier occurrence)
Lush,Tramp,unisex,83.0,https://www.fragrantica.com/perfume/Lush/Tramp-35298.html,duplicate (earlier occurrence)
Lush,Dirty,unisex,78.0,https://www.fragrantica.com/perfume/Lush/Dirty-62545.html,duplicate (earlier occurrence)
Lush,Pink,unisex,76.0,https://www.fragrantica.com/perfume/Lush/Pink-62555.html,duplicate (earlier occurrence)
M Micallef,Avant Garde,men,79.0,https://www.fragrantica.com/perfume/M-Micallef/Avant-Garde-4335.html,duplicate (earlier occurrence)
M Micallef,Royal Vintage,men,86.0,https://www.fragrantica.com/perfume/M-Micallef/Royal-Vintage-17437.html,duplicate (earlier occurrence)
Mancera,Black Intensitive Aoud,unisex,71.0,https://www.fragrantica.com/perfume/Mancera/Black-Intensitive-Aoud-36536.html,duplicate (earlier occurrence)
Marc Jacobs,Daisy Sunshine,women,82.0,https://www.fragrantica.com/perfume/Marc-Jacobs/Daisy-Sunshine-16787.html,duplicate (earlier occurrence)
Marc Jacobs,Daisy Eau So Fresh Sunshine,women,83.0,https://www.fragrantica.com/perfume/Marc-Jacobs/Daisy-Eau-So-Fresh-Sunshine-16788.html,duplicate (earlier occurrence)
Montale,Roses Musk,women,75.0,https://www.fragrantica.com/perfume/Montale/Roses-Musk-1148.html,duplicate (earlier occurrence)
Natura,Lavanda,women,80.0,https://www.fragrantica.com/perfume/Natura/Lavanda-62342.html,duplicate (earlier occurrence)
Natura,Banho de Chuva,women,75.0,https://www.fragrantica.com/perfume/Natura/Banho-de-Chuva-34144.html,duplicate (earlier occurrence)
Natura,Flor de Laranjeira,women,76.0,https://www.fragrantica.com/perfume/Natura/Flor-de-Laranjeira-26062.html,duplicate (earlier occurrence)
Natura,Flor de Maca,women,92.0,https://www.fragrantica.com/perfume/Natura/Flor-de-Maca-71029.html,duplicate (earlier occurrence)
Natura,Jardim de Peonias,women,81.0,https://www.fragrantica.com/perfume/Natura/Jardim-de-Peonias-47636.html,duplicate (earlier occurrence)
Natura,Amo,women,77.0,https://www.fragrantica.com/perfume/Natura/Amo-33356.html,duplicate (earlier occurrence)
Natura,Biografia,women,77.0,https://www.fragrantica.com/perfume/Natura/Biografia-26039.html,duplicate (earlier occurrence)
Natura,Biografia Assinatura,men,84.0,https://www.fragrantica.com/perfume/Natura/Biografia-Assinatura-58312.html,duplicate (earlier occurrence)
Natura,Biografia Caminhos,women,86.0,https://www.fragrantica.com/perfume/Natura/Biografia-Caminhos-67391.html,duplicate (earlier occurrence)
Natura,Biografia Encontros,women,87.0,https://www.fragrantica.com/perfume/Natura/Biografia-Encontros-73351.html,duplicate (earlier occurrence)
Natura,Biografia Inspire,women,83.0,https://www.fragrantica.com/perfume/Natura/Biografia-Inspire-41477.html,duplicate (earlier occurrence)
Natura,Fields to South Campos au Sul,women,81.0,https://www.fragrantica.com/perfume/Natura/Fields-to-South-Campos-au-Sul-26043.html,duplicate (earlier occurrence)
Natura,Volume 2,women,82.0,https://www.fragrantica.com/perfume/Natura/Volume-2-26041.html,duplicate (earlier occurrence)
Natura,Due,men,88.0,https://www.fragrantica.com/perfume/Natura/Due-34004.html,duplicate (earlier occurrence)
Natura,Essencial Ato,unisex,83.0,https://www.fragrantica.com/perfume/Natura/Essencial-Ato-80079.html,duplicate (earlier occurrence)
Natura,Essencial Elixir,women,86.0,https://www.fragrantica.com/perfume/Natura/Essencial-Elixir-44732.html,duplicate (earlier occurrence)
Natura,Essencial Estilo,men,83.0,https://www.fragrantica.com/perfume/Natura/Essencial-Estilo-33924.html,duplicate (earlier occurrence)
Natura,Essencial Exclusivo,men,82.0,https://www.fragrantica.com/perfume/Natura/Essencial-Exclusivo-12099.html,duplicate (earlier occurrence)
Natura,Essencial Mirra,men,87.0,https://www.fragrantica.com/perfume/Natura/Essencial-Mirra-63631.html,duplicate (earlier occurrence)
Natura,Essencial Oud,men,86.0,https://www.fragrantica.com/perfume/Natura/Essencial-Oud-52563.html,duplicate (earlier occurrence)
Natura,Essencial Oud Pimenta,men,85.0,https://www.fragrantica.com/perfume/Natura/Essencial-Oud-Pimenta-67195.html,duplicate (earlier occurrence)
Natura,Essencial Oud Vanilla,women,77.0,https://www.fragrantica.com/perfume/Natura/Essencial-Oud-Vanilla-66163.html,duplicate (earlier occurrence)
Natura,Essencial Palo Santo,women,84.0,https://www.fragrantica.com/perfume/Natura/Essencial-Palo-Santo-70110.html,duplicate (earlier occurrence)
Natura,Essencial Supreme,women,83.0,https://www.fragrantica.com/perfume/Natura/Essencial-Supreme-57687.html,duplicate (earlier occurrence)
Natura,Essencial Unico,women,83.0,https://www.fragrantica.com/perfume/Natura/Essencial-Unico-72416.html,duplicate (earlier occurrence)
Natura,Hoje,men,88.0,https://www.fragrantica.com/perfume/Natura/Hoje-33298.html,duplicate (earlier occurrence)
Natura,Beijo de Humor,women,81.0,https://www.fragrantica.com/perfume/Natura/Beijo-de-Humor-60811.html,duplicate (earlier occurrence)
Natura,Humor On line,women,84.0,https://www.fragrantica.com/perfume/Natura/Humor-On-line-68230.html,duplicate (earlier occurrence)
Natura,Quimica de Humor,women,77.0,https://www.fragrantica.com/perfume/Natura/Quimica-de-Humor-55458.html,duplicate (earlier occurrence)
Natura,Kaiak,women,78.0,https://www.fragrantica.com/perfume/Natura/Kaiak-12384.html,duplicate (earlier occurrence)
Natura,Kaiak Aero,men,81.0,https://www.fragrantica.com/perfume/Natura/Kaiak-Aero-48944.html,duplicate (earlier occurrence)
Natura,Kaiak Aventura,men,76.0,https://www.fragrantica.com/perfume/Natura/Kaiak-Aventura-26137.html,duplicate (earlier occurrence)
Natura,Kaiak O2,women,81.0,https://www.fragrantica.com/perfume/Natura/Kaiak-O2-87210.html,duplicate (earlier occurrence)
Natura,Kaiak Oceano,men,80.0,https://www.fragrantica.com/perfume/Natura/Kaiak-Oceano-63020.html,duplicate (earlier occurrence)
Natura,Kaiak Vital,men,76.0,https://www.fragrantica.com/perfume/Natura/Kaiak-Vital-69431.html,duplicate (earlier occurrence)
Natura,Sintonia,men,77.0,https://www.fragrantica.com/perfume/Natura/Sintonia-26174.html,duplicate (earlier occurrence)
Natura,Sintonia Total,men,81.0,https://www.fragrantica.com/perfume/Natura/Sintonia-Total-26176.html,duplicate (earlier occurrence)
Natura,Vovo,women,76.0,https://www.fragrantica.com/perfume/Natura/Vovo-26180.html,duplicate (earlier occurrence)
O Boticario,Carpe Diem,women,83.0,https://www.fragrantica.com/perfume/O-Boticario/Carpe-Diem-7294.html,duplicate (earlier occurrence)
O Boticario,Boti,men,85.0,https://www.fragrantica.com/perfume/O-Boticario/Boti-34625.html,duplicate (earlier occurrence)
O Boticario,214 African Sunrise,women,82.0,https://www.fragrantica.com/perfume/O-Boticario/214-African-Sunrise-93617.html,duplicate (earlier occurrence)
O Boticario,Botica 214 Fiji Paradise,women,79.0,https://www.fragrantica.com/perfume/O-Boticario/Botica-214-Fiji-Paradise-84213.html,duplicate (earlier occurrence)
O Boticario,Botica 214 Verano en Firenze,women,84.0,https://www.fragrantica.com/perfume/O-Boticario/Botica-214-Verano-en-Firenze-74051.html,duplicate (earlier occurrence)
O Boticario,Celebre Agora,women,78.0,https://www.fragrantica.com/perfume/O-Boticario/Celebre-Agora-83036.html,duplicate (earlier occurrence)
O Boticario,Celebre Sua Forca,women,76.0,https://www.fragrantica.com/perfume/O-Boticario/Celebre-Sua-Forca-69908.html,duplicate (earlier occurrence)
O Boticario,Egeo,women,76.0,https://www.fragrantica.com/perfume/O-Boticario/Egeo-7295.html,duplicate (earlier occurrence)
O Boticario,Egeo Dolce,women,68.0,https://www.fragrantica.com/perfume/O-Boticario/Egeo-Dolce-8621.html,duplicate (earlier occurrence)
O Boticario,Elysee,women,81.0,https://www.fragrantica.com/perfume/O-Boticario/Elysee-32261.html,duplicate (earlier occurrence)
O Boticario,One of Us,men,90.0,https://www.fragrantica.com/perfume/O-Boticario/One-of-Us-34184.html,duplicate (earlier occurrence)
O Boticario,Quasar Fire,men,76.0,https://www.fragrantica.com/perfume/O-Boticario/Quasar-Fire-7358.html,duplicate (earlier occurrence)
O Boticario,Spulokis Colonia,men,87.0,https://www.fragrantica.com/perfume/O-Boticario/Spulokis-Colonia-41794.html,duplicate (earlier occurrence)
Ormonde Jayne,Montabaco Cuba,unisex,91.0,https://www.fragrantica.com/perfume/Ormonde-Jayne/Montabaco-Cuba-87693.html,duplicate (earlier occurrence)
Paco Rabanne,1 Million,men,75.0,https://www.fragrantica.com/perfume/Paco-Rabanne/1-Million-3747.html,duplicate (earlier occurrence)
Paco Rabanne,Ultraviolet,women,78.0,https://www.fragrantica.com/perfume/Paco-Rabanne/Ultraviolet-519.html,duplicate (earlier occurrence)
Prada,Prada,women,83.0,https://www.fragrantica.com/perfume/Prada/Prada-41141.html,duplicate (earlier occurrence)
Rasasi,Abyan,women,75.0,https://www.fragrantica.com/perfume/Rasasi/Abyan-19675.html,duplicate (earlier occurrence)
Rasasi,Al Oudh Al Mumaiz,men,84.0,https://www.fragrantica.com/perfume/Rasasi/Al-Oudh-Al-Mumaiz-8692.html,duplicate (earlier occurrence)
Rasasi,Ambition,men,84.0,https://www.fragrantica.com/perfume/Rasasi/Ambition-8628.html,duplicate (earlier occurrence)
Rasasi,Confidence,women,79.0,https://www.fragrantica.com/perfume/Rasasi/Confidence-22728.html,duplicate (earlier occurrence)
Rasasi,Entebaa,men,85.0,https://www.fragrantica.com/perfume/Rasasi/Entebaa-23300.html,duplicate (earlier occurrence)
Rasasi,Instincts,women,82.0,https://www.fragrantica.com/perfume/Rasasi/Instincts-21951.html,duplicate (earlier occurrence)
Rasasi,Junoon Satin,women,82.0,https://www.fragrantica.com/perfume/Rasasi/Junoon-Satin-42899.html,duplicate (earlier occurrence)
Rasasi,Maa Arwaak,men,81.0,https://www.fragrantica.com/perfume/Rasasi/Maa-Arwaak-19690.html,duplicate (earlier occurrence)
Rasasi,Royale,women,79.0,https://www.fragrantica.com/perfume/Rasasi/Royale-22377.html,duplicate (earlier occurrence)
Rasasi,Royale Blue,women,76.0,https://www.fragrantica.com/perfume/Rasasi/Royale-Blue-22378.html,duplicate (earlier occurrence)
Roberto Cavalli,Just Cavalli Him,men,77.0,https://www.fragrantica.com/perfume/Roberto-Cavalli/Just-Cavalli-Him-848.html,duplicate (earlier occurrence)
Salvatore Ferragamo,Terra Rossa,unisex,78.0,https://www.fragrantica.com/perfume/Salvatore-Ferragamo/Terra-Rossa-51865.html,duplicate (earlier occurrence)
Serge Lutens,Gris Clair,unisex,80.0,https://www.fragrantica.com/perfume/Serge-Lutens/Gris-Clair-593.html,duplicate (earlier occurrence)
Serge Lutens,Santal Blanc,unisex,79.0,https://www.fragrantica.com/perfume/Serge-Lutens/Santal-Blanc-703.html,duplicate (earlier occurrence)
Serge Lutens,Fleurs de Citronnier,unisex,78.0,https://www.fragrantica.com/perfume/Serge-Lutens/Fleurs-de-Citronnier-702.html,duplicate (earlier occurrence)
Serge Lutens,L Eau de Paille,unisex,73.0,https://www.fragrantica.com/perfume/Serge-Lutens/L-Eau-de-Paille-37810.html,duplicate (earlier occurrence)
Serge Lutens,L Eau Froide,unisex,75.0,https://www.fragrantica.com/perfume/Serge-Lutens/L-Eau-Froide-14047.html,duplicate (earlier occurrence)
Serge Lutens,L Eau Serge Lutens,unisex,76.0,https://www.fragrantica.com/perfume/Serge-Lutens/L-Eau-Serge-Lutens-8337.html,duplicate (earlier occurrence)
Swiss Arabian,Edge,women,73.0,https://www.fragrantica.com/perfume/Swiss-Arabian/Edge-22990.html,duplicate (earlier occurrence)
Swiss Arabian,Edge Intense,men,80.0,https://www.fragrantica.com/perfume/Swiss-Arabian/Edge-Intense-53911.html,duplicate (earlier occurrence)
Swiss Arabian,Musk Tahara,unisex,96.0,https://www.fragrantica.com/perfume/Swiss-Arabian/Musk-Tahara-63950.html,duplicate (earlier occurrence)
Swiss Arabian,Mukhalat Barq,women,82.0,https://www.fragrantica.com/perfume/Swiss-Arabian/Mukhalat-Barq-20757.html,duplicate (earlier occurrence)
Tom Ford,Costa Azzurra,unisex,79.0,https://www.fragrantica.com/perfume/Tom-Ford/Costa-Azzurra-25482.html,duplicate (earlier occurrence)
Tommy Bahama,Set Sail Martinique,men,83.0,https://www.fragrantica.com/perfume/Tommy-Bahama/Set-Sail-Martinique-10565.html,duplicate (earlier occurrence)
Victoria s Secret,Basic Instinct,women,78.0,https://www.fragrantica.com/perfume/Victoria-s-Secret/Basic-Instinct-3275.html,duplicate (earlier occurrence)
Victoria s Secret,Candy Baby,women,87.0,https://www.fragrantica.com/perfume/Victoria-s-Secret/Candy-Baby-14455.html,duplicate (earlier occurrence)
Victoria s Secret,Amber Romance,women,81.0,https://www.fragrantica.com/perfume/Victoria-s-Secret/Amber-Romance-67704.html,duplicate (earlier occurrence)
Victoria s Secret,Be My Wish,women,,https://www.fragrantica.com/perfume/Victoria-s-Secret/Be-My-Wish-89097.html,duplicate (earlier occurrence)
Victoria s Secret,Be Seduced,women,100.0,https://www.fragrantica.com/perfume/Victoria-s-Secret/Be-Seduced-89098.html,duplicate (earlier occurrence)
Victoria s Secret,Berry Kiss,women,84.0,https://www.fragrantica.com/perfume/Victoria-s-Secret/Berry-Kiss-89110.html,duplicate (earlier occurrence)
Victoria s Secret,Sparkling Creme,women,75.0,https://www.fragrantica.com/perfume/Victoria-s-Secret/Sparkling-Creme-84657.html,duplicate (earlier occurrence)
Victoria s Secret,Electric Beach,women,67.0,https://www.fragrantica.com/perfume/Victoria-s-Secret/Electric-Beach-90547.html,duplicate (earlier occurrence)
Victoria s Secret,Fresh Clean,women,80.0,https://www.fragrantica.com/perfume/Victoria-s-Secret/Fresh-Clean-63107.html,duplicate (earlier occurrence)
Victoria s Secret,Warm Cozy,women,85.0,https://www.fragrantica.com/perfume/Victoria-s-Secret/Warm-Cozy-63113.html,duplicate (earlier occurrence)
Victoria s Secret,Vanilla Dreamy,women,91.0,https://www.fragrantica.com/perfume/Victoria-s-Secret/Vanilla-Dreamy-95222.html,duplicate (earlier occurrence)
Yves Rocher,Noix de Coco,women,78.0,https://www.fragrantica.com/perfume/Yves-Rocher/Noix-de-Coco-67331.html,duplicate (earlier occurrence)
Yves Rocher,Noix de Coco,women,80.0,https://www.fragrantica.com/perfume/Yves-Rocher/Noix-de-Coco-37850.html,duplicate (earlier occurrence)
Yves Rocher,Pomme Delice,women,75.0,https://www.fragrantica.com/perfume/Yves-Rocher/Pomme-Delice-16992.html,duplicate (earlier occurrence)
Yves Saint Laurent,Saharienne,women,76.0,https://www.fragrantica.com/perfume/Yves-Saint-Laurent/Saharienne-11844.html,duplicate (earlier occurrence)
Yves Saint Laurent,Baby Doll Magic,women,81.0,https://www.fragrantica.com/perfume/Yves-Saint-Laurent/Baby-Doll-Magic-2954.html,duplicate (earlier occurrence)
Yves Saint Laurent,L Homme Eau d Ete,men,84.0,https://www.fragrantica.com/perfume/Yves-Saint-Laurent/L-Homme-Eau-d-Ete-1053.html,duplicate (earlier occurrence)
Zara,Zara Black,men,79.0,https://www.fragrantica.com/perfume/Zara/Zara-Black-28872.html,duplicate (earlier occurrence)
Zara,Zara Oud,unisex,92.0,https://www.fragrantica.com/perfume/Zara/Zara-Oud-23432.html,duplicate (earlier occurrence)
Zara,Fields at Nightfall,women,81.0,https://www.fragrantica.com/perfume/Zara/Fields-at-Nightfall-54393.html,duplicate (earlier occurrence)
Zara,Man Silver,men,78.0,https://www.fragrantica.com/perfume/Zara/Man-Silver-43469.html,duplicate (earlier occurrence)
Zara,Blue Spirit,men,75.0,https://www.fragrantica.com/perfume/Zara/Blue-Spirit-57683.html,duplicate (earlier occurrence)
Zara,Zara Rose Eau de Toilette,women,80.0,https://www.fragrantica.com/perfume/Zara/Zara-Rose-Eau-de-Toilette-16589.html,duplicate (earlier occurrence)
Zara,Zara White Eau de Toilette,women,79.0,https://www.fragrantica.com/perfume/Zara/Zara-White-Eau-de-Toilette-16588.html,duplicate (earlier occurrence)
Zara,Leather Jardin,unisex,82.0,https://www.fragrantica.com/perfume/Zara/Leather-Jardin-69129.html,duplicate (earlier occurrence)
Zara,Blue Spirit,men,75.0,https://www.fragrantica.com/perfume/Zara/Blue-Spirit-65903.html,duplicate (earlier occurrence)
Zara,Gold,men,79.0,https://www.fragrantica.com/perfume/Zara/Gold-65900.html,duplicate (earlier occurrence)
Zara,Silver,men,75.0,https://www.fragrantica.com/perfume/Zara/Silver-65901.html,duplicate (earlier occurrence)
Zara,Uomo,men,79.0,https://www.fragrantica.com/perfume/Zara/Uomo-65905.html,duplicate (earlier occurrence)
Zielinski Rozen,Black Pepper Amber Neroli,unisex,81.0,https://www.fragrantica.com/perfume/Zielinski-Rozen/Black-Pepper-Amber-Neroli-65064.html,duplicate (earlier occurrence)
Shiseido,Ginza,women,80.0,https://www.fragrantica.com/perfume/Shiseido/Ginza-39464.html,duplicate (earlier occurrence)
Shiseido,Zen Gold Elixir,women,84.0,https://www.fragrantica.com/perfume/Shiseido/Zen-Gold-Elixir-18897.html,duplicate (earlier occurrence)
Phytoderm,Habitus,men,84.0,https://www.fragrantica.com/perfume/Phytoderm/Habitus-71811.html,duplicate (earlier occurrence)
Oriflame,Eclat Nuit,women,75.0,https://www.fragrantica.com/perfume/Oriflame/Eclat-Nuit-72680.html,duplicate (earlier occurrence)
Oriflame,Citrus Tonic,men,77.0,https://www.fragrantica.com/perfume/Oriflame/Citrus-Tonic-24959.html,duplicate (earlier occurrence)
Omerta,Golden Challenge Limited,women,76.0,https://www.fragrantica.com/perfume/Omerta/Golden-Challenge-Limited-62292.html,duplicate (earlier occurrence)
Dzintars,Liepzieds Lipovyj cvet,women,100.0,https://www.fragrantica.com/perfume/Dzintars/Liepzieds-Lipovyj-cvet-83886.html,duplicate (earlier occurrence)
Dzintars,Hit Blue,men,65.0,https://www.fragrantica.com/perfume/Dzintars/Hit-Blue-23694.html,duplicate (earlier occurrence)
Dzintars,Hit Dark Green,men,,https://www.fragrantica.com/perfume/Dzintars/Hit-Dark-Green-23702.html,duplicate (earlier occurrence)
Dzintars,Hit Green,men,75.0,https://www.fragrantica.com/perfume/Dzintars/Hit-Green-23696.html,duplicate (earlier occurrence)
Dzintars,Hit Orange,men,83.0,https://www.fragrantica.com/perfume/Dzintars/Hit-Orange-23698.html,duplicate (earlier occurrence)
Dzintars,Hit Red,men,76.0,https://www.fragrantica.com/perfume/Dzintars/Hit-Red-23699.html,duplicate (earlier occurrence)
Dzintars,Hit Violet,men,68.0,https://www.fragrantica.com/perfume/Dzintars/Hit-Violet-23701.html,duplicate (earlier occurrence)
Dzintars,Hit Yellow,men,80.0,https://www.fragrantica.com/perfume/Dzintars/Hit-Yellow-23700.html,duplicate (earlier occurrence)
Dzintars,Lucky Number 10,men,83.0,https://www.fragrantica.com/perfume/Dzintars/Lucky-Number-10-20460.html,duplicate (earlier occurrence)
Dzintars,Lucky Number 12,women,70.0,https://www.fragrantica.com/perfume/Dzintars/Lucky-Number-12-20289.html,duplicate (earlier occurrence)
Dzintars,Lucky Number 14,men,100.0,https://www.fragrantica.com/perfume/Dzintars/Lucky-Number-14-20463.html,duplicate (earlier occurrence)
Dzintars,Lucky Number 15,men,,https://www.fragrantica.com/perfume/Dzintars/Lucky-Number-15-20465.html,duplicate (earlier occurrence)
Dzintars,Lucky Number 3,men,80.0,https://www.fragrantica.com/perfume/Dzintars/Lucky-Number-3-20446.html,duplicate (earlier occurrence)
Dzintars,Lucky Number 5,women,,https://www.fragrantica.com/perfume/Dzintars/Lucky-Number-5-92110.html,duplicate (earlier occurrence)
Dzintars,Lucky Number 7,women,70.0,https://www.fragrantica.com/perfume/Dzintars/Lucky-Number-7-20286.html,duplicate (earlier occurrence)
Dzintars,Riga,unisex,76.0,https://www.fragrantica.com/perfume/Dzintars/Riga-82532.html,duplicate (earlier occurrence)
Dzintars,Riga,men,100.0,https://www.fragrantica.com/perfume/Dzintars/Riga-82611.html,duplicate (earlier occurrence)
Coty,Emeraude,women,79.0,https://www.fragrantica.com/perfume/Coty/Emeraude-3945.html,duplicate (earlier occurrence)
Coty,L Origan,women,84.0,https://www.fragrantica.com/perfume/Coty/L-Origan-6071.html,duplicate (earlier occurrence)
Coty,La Rose Jacqueminot,women,90.0,https://www.fragrantica.com/perfume/Coty/La-Rose-Jacqueminot-7525.html,duplicate (earlier occurrence)
Coty,L Origan,women,93.0,https://www.fragrantica.com/perfume/Coty/L-Origan-65400.html,duplicate (earlier occurrence)
Coty,La Rose Jacqueminot,women,100.0,https://www.fragrantica.com/perfume/Coty/La-Rose-Jacqueminot-65403.html,duplicate (earlier occurrence)
Coty,Le Jasmin de Corse,women,,https://www.fragrantica.com/perfume/Coty/Le-Jasmin-de-Corse-65402.html,duplicate (earlier occurrence)
Asgharali,Shumukh,unisex,,https://www.fragrantica.com/perfume/Asgharali/Shumukh-76843.html,duplicate (earlier occurrence)
Asgharali,Al Qasayad,men,84.0,https://www.fragrantica.com/perfume/Asgharali/Al-Qasayad-28963.html,duplicate (earlier occurrence)
Asgharali,Sandeed,men,64.0,https://www.fragrantica.com/perfume/Asgharali/Sandeed-22627.html,duplicate (earlier occurrence)
Antonio Banderas,Diavolo,men,71.0,https://www.fragrantica.com/perfume/Antonio-Banderas/Diavolo-112.html,duplicate (earlier occurrence)
Antonio Banderas,Blue Seduction,women,74.0,https://www.fragrantica.com/perfume/Antonio-Banderas/Blue-Seduction-3751.html,duplicate (earlier occurrence)
Antonio Banderas,Urban Seduction Blue,women,84.0,https://www.fragrantica.com/perfume/Antonio-Banderas/Urban-Seduction-Blue-40553.html,duplicate (earlier occurrence)
Adolfo Dominguez,Agua de Bambu,men,81.0,https://www.fragrantica.com/perfume/Adolfo-Dominguez/Agua-de-Bambu-42934.html,duplicate (earlier occurrence)
Adolfo Dominguez,U,women,64.0,https://www.fragrantica.com/perfume/Adolfo-Dominguez/U-9790.html,duplicate (earlier occurrence)
Bejar,Akurus,women,80.0,https://www.fragrantica.com/perfume/Bejar/Akurus-29293.html,duplicate (earlier occurrence)
Bejar,Alpha,women,80.0,https://www.fragrantica.com/perfume/Bejar/Alpha-29295.html,duplicate (earlier occurrence)
Bejar,Atmosphere,men,,https://www.fragrantica.com/perfume/Bejar/Atmosphere-29379.html,duplicate (earlier occurrence)
Bejar,Axum,men,80.0,https://www.fragrantica.com/perfume/Bejar/Axum-29380.html,duplicate (earlier occurrence)
Bejar,Casablanca,men,80.0,https://www.fragrantica.com/perfume/Bejar/Casablanca-29382.html,duplicate (earlier occurrence)
Bejar,Contact,men,80.0,https://www.fragrantica.com/perfume/Bejar/Contact-29386.html,duplicate (earlier occurrence)
Bejar,Excellence,women,80.0,https://www.fragrantica.com/perfume/Bejar/Excellence-29390.html,duplicate (earlier occurrence)
Bejar,Flaires,women,80.0,https://www.fragrantica.com/perfume/Bejar/Flaires-29392.html,duplicate (earlier occurrence)
Bejar,Love Day,men,80.0,https://www.fragrantica.com/perfume/Bejar/Love-Day-29393.html,duplicate (earlier occurrence)
Bejar,Phos,men,72.0,https://www.fragrantica.com/perfume/Bejar/Phos-29405.html,duplicate (earlier occurrence)
Bejar,Quantum,men,80.0,https://www.fragrantica.com/perfume/Bejar/Quantum-29434.html,duplicate (earlier occurrence)
Benetton,Dream Big,women,76.0,https://www.fragrantica.com/perfume/Benetton/Dream-Big-38616.html,duplicate (earlier occurrence)
Benetton,Just United,women,69.0,https://www.fragrantica.com/perfume/Benetton/Just-United-38615.html,duplicate (earlier occurrence)
Benetton,United Dreams One Summer,men,81.0,https://www.fragrantica.com/perfume/Benetton/United-Dreams-One-Summer-45308.html,duplicate (earlier occurrence)
Bi es,Laserre,men,64.0,https://www.fragrantica.com/perfume/Bi-es/Laserre-30456.html,duplicate (earlier occurrence)
Bi es,Sankai,men,64.0,https://www.fragrantica.com/perfume/Bi-es/Sankai-30437.html,duplicate (earlier occurrence)
Brocard,Ethno,women,71.0,https://www.fragrantica.com/perfume/Brocard/Ethno-35500.html,duplicate (earlier occurrence)
Brocard,Modern Classic,women,69.0,https://www.fragrantica.com/perfume/Brocard/Modern-Classic-32141.html,duplicate (earlier occurrence)
Brocard,Modern Classic Noir,women,73.0,https://www.fragrantica.com/perfume/Brocard/Modern-Classic-Noir-32142.html,duplicate (earlier occurrence)
Brocard,Perpetuum,men,70.0,https://www.fragrantica.com/perfume/Brocard/Perpetuum-27443.html,duplicate (earlier occurrence)
Clinique,Clinique Happy,women,71.0,https://www.fragrantica.com/perfume/Clinique/Clinique-Happy-372.html,duplicate (earlier occurrence)
Clinique,Clinique Happy Limited Edition 2022,women,100.0,https://www.fragrantica.com/perfume/Clinique/Clinique-Happy-Limited-Edition-2022-71666.html,duplicate (earlier occurrence)
ESSNCE,Sassy Classy,unisex,40.0,https://www.fragrantica.com/perfume/ESSNCE/Sassy-Classy-89774.html,duplicate (earlier occurrence)
Faberlic,Beau Monde,women,72.0,https://www.fragrantica.com/perfume/Faberlic/Beau-Monde-48485.html,duplicate (earlier occurrence)
Faberlic,Incognito,women,67.0,https://www.fragrantica.com/perfume/Faberlic/Incognito-32957.html,duplicate (earlier occurrence)
Instituto Espanol,Aire de Barcelona,men,87.0,https://www.fragrantica.com/perfume/Instituto-Espanol/Aire-de-Barcelona-43990.html,duplicate (earlier occurrence)
Mexx,Diversity,women,83.0,https://www.fragrantica.com/perfume/Mexx/Diversity-8465.html,duplicate (earlier occurrence)
Sabon,Aviv Jasmine,women,78.0,https://www.fragrantica.com/perfume/Sabon/Aviv-Jasmine-10762.html,duplicate (earlier occurrence)
Sabon,Femme,women,96.0,https://www.fragrantica.com/perfume/Sabon/Femme-10760.html,duplicate (earlier occurrence)
Sabon,Girlfriends,women,67.0,https://www.fragrantica.com/perfume/Sabon/Girlfriends-42469.html,duplicate (earlier occurrence)
Sabon,Homme,men,60.0,https://www.fragrantica.com/perfume/Sabon/Homme-10761.html,duplicate (earlier occurrence)
Sabon,Oneg Patchouli Vanilla,women,90.0,https://www.fragrantica.com/perfume/Sabon/Oneg-Patchouli-Vanilla-10763.html,duplicate (earlier occurrence)
Sabon,PLV 28 Patchouli Lavender Vanilla,unisex,87.0,https://www.fragrantica.com/perfume/Sabon/PLV-28-Patchouli-Lavender-Vanilla-46554.html,duplicate (earlier occurrence)
Sabon,Shir Lily,women,65.0,https://www.fragrantica.com/perfume/Sabon/Shir-Lily-10764.html,duplicate (earlier occurrence)
Sabon,Tal Marine,unisex,84.0,https://www.fragrantica.com/perfume/Sabon/Tal-Marine-10765.html,duplicate (earlier occurrence)
Sabon,Zer Rose,women,73.0,https://www.fragrantica.com/perfume/Sabon/Zer-Rose-10766.html,duplicate (earlier occurrence)
Sabon,Zohar Musk,unisex,91.0,https://www.fragrantica.com/perfume/Sabon/Zohar-Musk-10767.html,duplicate (earlier occurrence)
Sabon,Citrus Blossom,unisex,88.0,https://www.fragrantica.com/perfume/Sabon/Citrus-Blossom-60938.html,duplicate (earlier occurrence)
Sabon,Delicate Jasmine,women,75.0,https://www.fragrantica.com/perfume/Sabon/Delicate-Jasmine-60936.html,duplicate (earlier occurrence)
Sabon,Floral Bloom,unisex,80.0,https://www.fragrantica.com/perfume/Sabon/Floral-Bloom-60939.html,duplicate (earlier occurrence)
Sabon,Ginger Orange,unisex,77.0,https://www.fragrantica.com/perfume/Sabon/Ginger-Orange-60946.html,duplicate (earlier occurrence)
Sabon,Green Rose,women,82.0,https://www.fragrantica.com/perfume/Sabon/Green-Rose-60934.html,duplicate (earlier occurrence)
Sabon,Musk,unisex,88.0,https://www.fragrantica.com/perfume/Sabon/Musk-60937.html,duplicate (earlier occurrence)
Sabon,Patchouli Lavender Vanilla,unisex,74.0,https://www.fragrantica.com/perfume/Sabon/Patchouli-Lavender-Vanilla-60933.html,duplicate (earlier occurrence)
Sabon,Rose Tea,women,66.0,https://www.fragrantica.com/perfume/Sabon/Rose-Tea-60930.html,duplicate (earlier occurrence)
Sabon,White Tea,unisex,82.0,https://www.fragrantica.com/perfume/Sabon/White-Tea-60935.html,duplicate (earlier occurrence)
Sabon,Dear Jasmine,unisex,60.0,https://www.fragrantica.com/perfume/Sabon/Dear-Jasmine-42461.html,duplicate (earlier occurrence)
Sabon,Elegant Iris,unisex,65.0,https://www.fragrantica.com/perfume/Sabon/Elegant-Iris-42462.html,duplicate (earlier occurrence)
Sabon,Innocent Musk,unisex,75.0,https://www.fragrantica.com/perfume/Sabon/Innocent-Musk-42465.html,duplicate (earlier occurrence)
Sabon,The Spell,unisex,60.0,https://www.fragrantica.com/perfume/Sabon/The-Spell-42466.html,duplicate (earlier occurrence)
Sabon,True Patchouli,unisex,72.0,https://www.fragrantica.com/perfume/Sabon/True-Patchouli-42464.html,duplicate (earlier occurrence)
Sabon,Wild Roses,unisex,77.0,https://www.fragrantica.com/perfume/Sabon/Wild-Roses-42463.html,duplicate (earlier occurrence)
The Spirit Of Azerbaijan,Ateshgah,unisex,60.0,https://www.fragrantica.com/perfume/The-Spirit-Of-Azerbaijan/Ateshgah-53581.html,duplicate (earlier occurrence)
The Spirit Of Azerbaijan,Baku,unisex,85.0,https://www.fragrantica.com/perfume/The-Spirit-Of-Azerbaijan/Baku-53580.html,duplicate (earlier occurrence)
The Spirit Of Azerbaijan,Flame Towers,unisex,40.0,https://www.fragrantica.com/perfume/The-Spirit-Of-Azerbaijan/Flame-Towers-53574.html,duplicate (earlier occurrence)
The Spirit Of Azerbaijan,Ganja,unisex,60.0,https://www.fragrantica.com/perfume/The-Spirit-Of-Azerbaijan/Ganja-53573.html,duplicate (earlier occurrence)
The Spirit Of Azerbaijan,Gobustan,unisex,100.0,https://www.fragrantica.com/perfume/The-Spirit-Of-Azerbaijan/Gobustan-53572.html,duplicate (earlier occurrence)
The Spirit Of Azerbaijan,Kharabah,unisex,60.0,https://www.fragrantica.com/perfume/The-Spirit-Of-Azerbaijan/Kharabah-53571.html,duplicate (earlier occurrence)
The Spirit Of Azerbaijan,Lankaran,unisex,20.0,https://www.fragrantica.com/perfume/The-Spirit-Of-Azerbaijan/Lankaran-53570.html,duplicate (earlier occurrence)
The Spirit Of Azerbaijan,Nakhchivan,unisex,50.0,https://www.fragrantica.com/perfume/The-Spirit-Of-Azerbaijan/Nakhchivan-53569.html,duplicate (earlier occurrence)
The Spirit Of Azerbaijan,Old City Baku,unisex,40.0,https://www.fragrantica.com/perfume/The-Spirit-Of-Azerbaijan/Old-City-Baku-53568.html,duplicate (earlier occurrence)
The Spirit Of Azerbaijan,Qabala,unisex,,https://www.fragrantica.com/perfume/The-Spirit-Of-Azerbaijan/Qabala-53567.html,duplicate (earlier occurrence)
The Spirit Of Azerbaijan,Sheki Khan Palace,unisex,,https://www.fragrantica.com/perfume/The-Spirit-Of-Azerbaijan/Sheki-Khan-Palace-53566.html,duplicate (earlier occurrence)
The Spirit Of Azerbaijan,Shervan Shah,unisex,100.0,https://www.fragrantica.com/perfume/The-Spirit-Of-Azerbaijan/Shervan-Shah-53565.html,duplicate (earlier occurrence)
Testament London,Sin Poetry,unisex,,https://www.fragrantica.com/perfume/Testament-London/Sin-Poetry-82078.html,duplicate (earlier occurrence)
Stephanie de Bruijn Parfum sur Mesure,Cashmere,men,76.0,https://www.fragrantica.com/perfume/Stephanie-de-Bruijn-Parfum-sur-Mesure/Cashmere-63443.html,duplicate (earlier occurrence)
Stephanie de Bruijn Parfum sur Mesure,My Gentleman,men,72.0,https://www.fragrantica.com/perfume/Stephanie-de-Bruijn-Parfum-sur-Mesure/My-Gentleman-66077.html,duplicate (earlier occurrence)
Abdul Samad Al Qurashi,Al Basha Blend,unisex,74.0,https://www.fragrantica.com/perfume/Abdul-Samad-Al-Qurashi/Al-Basha-Blend-21278.html,duplicate (earlier occurrence)
Abdul Samad Al Qurashi,Al Hajjar Al Aswad,men,79.0,https://www.fragrantica.com/perfume/Abdul-Samad-Al-Qurashi/Al-Hajjar-Al-Aswad-21285.html,duplicate (earlier occurrence)
Abdul Samad Al Qurashi,Al Hajjar Al Aswad,unisex,82.0,https://www.fragrantica.com/perfume/Abdul-Samad-Al-Qurashi/Al-Hajjar-Al-Aswad-21307.html,duplicate (earlier occurrence)
Adidas,Adidas Adrenaline,men,74.0,https://www.fragrantica.com/perfume/Adidas/Adidas-Adrenaline-21824.html,duplicate (earlier occurrence)
Al Jazeera Perfumes,Patchouli,unisex,95.0,https://www.fragrantica.com/perfume/Al-Jazeera-Perfumes/Patchouli-74357.html,duplicate (earlier occurrence)
Alexandria Fragrances,Cleopatra,unisex,73.0,https://www.fragrantica.com/perfume/Alexandria-Fragrances/Cleopatra-48429.html,duplicate (earlier occurrence)
Alexandria Fragrances,Fight Like A Girl,women,87.0,https://www.fragrantica.com/perfume/Alexandria-Fragrances/Fight-Like-A-Girl-52135.html,duplicate (earlier occurrence)
Alexandria Fragrances,Funtastic,unisex,78.0,https://www.fragrantica.com/perfume/Alexandria-Fragrances/Funtastic-48427.html,duplicate (earlier occurrence)
Alexandria Fragrances,Retro Flare Gold,unisex,78.0,https://www.fragrantica.com/perfume/Alexandria-Fragrances/Retro-Flare-Gold-71139.html,duplicate (earlier occurrence)
Alexandria Fragrances,Silver Wood,unisex,83.0,https://www.fragrantica.com/perfume/Alexandria-Fragrances/Silver-Wood-48428.html,duplicate (earlier occurrence)
Alexandria Fragrances,The Extreme,unisex,81.0,https://www.fragrantica.com/perfume/Alexandria-Fragrances/The-Extreme-48426.html,duplicate (earlier occurrence)
Amado,My Muse,unisex,86.0,https://www.fragrantica.com/perfume/Amado/My-Muse-48287.html,duplicate (earlier occurrence)
Amordad,VIP,men,80.0,https://www.fragrantica.com/perfume/Amordad/VIP-22117.html,duplicate (earlier occurrence)
Animale,Animale Intense,women,80.0,https://www.fragrantica.com/perfume/Animale/Animale-Intense-33433.html,duplicate (earlier occurrence)
Arabian Oud,Durrat Al Arabia,women,73.0,https://www.fragrantica.com/perfume/Arabian-Oud/Durrat-Al-Arabia-21953.html,duplicate (earlier occurrence)
Arabian Oud,Durrat Al Arabia,men,86.0,https://www.fragrantica.com/perfume/Arabian-Oud/Durrat-Al-Arabia-21954.html,duplicate (earlier occurrence)
Arabian Oud,Special Nights,men,87.0,https://www.fragrantica.com/perfume/Arabian-Oud/Special-Nights-21662.html,duplicate (earlier occurrence)
Arabian Oud,Tonight,men,80.0,https://www.fragrantica.com/perfume/Arabian-Oud/Tonight-21665.html,duplicate (earlier occurrence)
Arrogance,Arrogance Passion,women,69.0,https://www.fragrantica.com/perfume/Arrogance/Arrogance-Passion-56594.html,duplicate (earlier occurrence)
Atkinsons,Oud Save The Queen,unisex,82.0,https://www.fragrantica.com/perfume/Atkinsons/Oud-Save-The-Queen-55990.html,duplicate (earlier occurrence)
Aurora Scents,Adore,women,40.0,https://www.fragrantica.com/perfume/Aurora-Scents/Adore-61520.html,duplicate (earlier occurrence)
Azteque,Chicomecoatl,unisex,,https://www.fragrantica.com/perfume/Azteque/Chicomecoatl-63536.html,duplicate (earlier occurrence)
Azteque,Coatlicue,unisex,,https://www.fragrantica.com/perfume/Azteque/Coatlicue-63537.html,duplicate (earlier occurrence)
Azteque,Tlaloc,unisex,,https://www.fragrantica.com/perfume/Azteque/Tlaloc-63534.html,duplicate (earlier occurrence)
Azteque,Xochipilli,unisex,40.0,https://www.fragrantica.com/perfume/Azteque/Xochipilli-63535.html,duplicate (earlier occurrence)
BALR,BALR 1,men,75.0,https://www.fragrantica.com/perfume/BALR/BALR-1-66086.html,duplicate (earlier occurrence)
BALR,BALR 2,men,70.0,https://www.fragrantica.com/perfume/BALR/BALR-2-66087.html,duplicate (earlier occurrence)
BALR,BALR 3,men,60.0,https://www.fragrantica.com/perfume/BALR/BALR-3-66088.html,duplicate (earlier occurrence)
Bath House,Frangipani Grapefruit,women,66.0,https://www.fragrantica.com/perfume/Bath-House/Frangipani-Grapefruit-16719.html,duplicate (earlier occurrence)
Bath House,Velvet Orchid Cardamom,women,86.0,https://www.fragrantica.com/perfume/Bath-House/Velvet-Orchid-Cardamom-16720.html,duplicate (earlier occurrence)
Bath House,White Cedar Pear,unisex,96.0,https://www.fragrantica.com/perfume/Bath-House/White-Cedar-Pear-16715.html,duplicate (earlier occurrence)
Bath House,White Tea Rose,women,93.0,https://www.fragrantica.com/perfume/Bath-House/White-Tea-Rose-16717.html,duplicate (earlier occurrence)
Being Frenshe,Cashmere Vanilla,women,80.0,https://www.fragrantica.com/perfume/Being-Frenshe/Cashmere-Vanilla-85796.html,duplicate (earlier occurrence)
Beverly Hills 90210,Beverly Hills 90210,men,74.0,https://www.fragrantica.com/perfume/Beverly-Hills-90210/Beverly-Hills-90210-28090.html,duplicate (earlier occurrence)
Boadicea the Victorious,Adoration,unisex,73.0,https://www.fragrantica.com/perfume/Boadicea-the-Victorious/Adoration-7462.html,duplicate (earlier occurrence)
Boadicea the Victorious,Joyous,unisex,81.0,https://www.fragrantica.com/perfume/Boadicea-the-Victorious/Joyous-55024.html,duplicate (earlier occurrence)
Boadicea the Victorious,Majestic,unisex,78.0,https://www.fragrantica.com/perfume/Boadicea-the-Victorious/Majestic-7437.html,duplicate (earlier occurrence)
Boadicea the Victorious,Exotic,unisex,83.0,https://www.fragrantica.com/perfume/Boadicea-the-Victorious/Exotic-7443.html,duplicate (earlier occurrence)
Boadicea the Victorious,Glistening,unisex,74.0,https://www.fragrantica.com/perfume/Boadicea-the-Victorious/Glistening-20691.html,duplicate (earlier occurrence)
Boucheron,Boucheron Eau Legere 2006,women,84.0,https://www.fragrantica.com/perfume/Boucheron/Boucheron-Eau-Legere-2006-2806.html,duplicate (earlier occurrence)
Brooks Brothers,Black Fleece,men,85.0,https://www.fragrantica.com/perfume/Brooks-Brothers/Black-Fleece-10077.html,duplicate (earlier occurrence)
Bugatti Fashion,Bugatti Dynamic Move Amber,men,84.0,https://www.fragrantica.com/perfume/Bugatti-Fashion/Bugatti-Dynamic-Move-Amber-81843.html,duplicate (earlier occurrence)
Cafe Parfums,Cafe Cafe Adventure,men,71.0,https://www.fragrantica.com/perfume/Cafe-Parfums/Cafe-Cafe-Adventure-454.html,duplicate (earlier occurrence)
Cafe Parfums,Cafe Cafe Puro,men,78.0,https://www.fragrantica.com/perfume/Cafe-Parfums/Cafe-Cafe-Puro-450.html,duplicate (earlier occurrence)
Chabaud Maison de Parfum,Patchouli 1973,unisex,40.0,https://www.fragrantica.com/perfume/Chabaud-Maison-de-Parfum/Patchouli-1973-73091.html,duplicate (earlier occurrence)
Christian Audigier,Ed Hardy Love Is,men,74.0,https://www.fragrantica.com/perfume/Christian-Audigier/Ed-Hardy-Love-Is-41457.html,duplicate (earlier occurrence)
Christian Audigier,Ed Hardy Skulls Roses Limited Edition,women,68.0,https://www.fragrantica.com/perfume/Christian-Audigier/Ed-Hardy-Skulls-Roses-Limited-Edition-21367.html,duplicate (earlier occurrence)
CJ Scents,Flirt,unisex,93.0,https://www.fragrantica.com/perfume/CJ-Scents/Flirt-57393.html,duplicate (earlier occurrence)
Claude Marsal Parfums,La Chanson,women,60.0,https://www.fragrantica.com/perfume/Claude-Marsal-Parfums/La-Chanson-49839.html,duplicate (earlier occurrence)
Claude Marsal Parfums,La Danse,men,84.0,https://www.fragrantica.com/perfume/Claude-Marsal-Parfums/La-Danse-49849.html,duplicate (earlier occurrence)
Claude Marsal Parfums,La Melodie,men,94.0,https://www.fragrantica.com/perfume/Claude-Marsal-Parfums/La-Melodie-49852.html,duplicate (earlier occurrence)
Claude Marsal Parfums,La Noche,men,55.0,https://www.fragrantica.com/perfume/Claude-Marsal-Parfums/La-Noche-49853.html,duplicate (earlier occurrence)
Claude Marsal Parfums,La Symphonie,women,80.0,https://www.fragrantica.com/perfume/Claude-Marsal-Parfums/La-Symphonie-49843.html,duplicate (earlier occurrence)
Claude Marsal Parfums,Le Batteur,women,96.0,https://www.fragrantica.com/perfume/Claude-Marsal-Parfums/Le-Batteur-49844.html,duplicate (earlier occurrence)
Claude Marsal Parfums,Le Concerto,women,100.0,https://www.fragrantica.com/perfume/Claude-Marsal-Parfums/Le-Concerto-49845.html,duplicate (earlier occurrence)
Claude Marsal Parfums,Le Piano,women,100.0,https://www.fragrantica.com/perfume/Claude-Marsal-Parfums/Le-Piano-49846.html,duplicate (earlier occurrence)
Claude Marsal Parfums,Le Violon,women,80.0,https://www.fragrantica.com/perfume/Claude-Marsal-Parfums/Le-Violon-49847.html,duplicate (earlier occurrence)
Adopt Parfums,Bahia Samba,unisex,93.0,https://www.fragrantica.com/perfume/Adopt-Parfums/Bahia-Samba-93975.html,duplicate (earlier occurrence)
Aeropostale,Aero New York 1987,women,70.0,https://www.fragrantica.com/perfume/Aeropostale/Aero-New-York-1987-40425.html,duplicate (earlier occurrence)
Aeropostale,Endless Wonder Petals,women,83.0,https://www.fragrantica.com/perfume/Aeropostale/Endless-Wonder-Petals-70163.html,duplicate (earlier occurrence)
Aeropostale,Maximum,men,75.0,https://www.fragrantica.com/perfume/Aeropostale/Maximum-61396.html,duplicate (earlier occurrence)
Aeropostale,Prime Platinum,men,81.0,https://www.fragrantica.com/perfume/Aeropostale/Prime-Platinum-61397.html,duplicate (earlier occurrence)
Ajmal,Shadow Amor,women,76.0,https://www.fragrantica.com/perfume/Ajmal/Shadow-Amor-32718.html,duplicate (earlier occurrence)
Ajmal,Shaghaf,unisex,77.0,https://www.fragrantica.com/perfume/Ajmal/Shaghaf-39347.html,duplicate (earlier occurrence)
Ajmal,Evoke Silver Edition,women,78.0,https://www.fragrantica.com/perfume/Ajmal/Evoke-Silver-Edition-50791.html,duplicate (earlier occurrence)
Al Battash Classic,Samurai,men,,https://www.fragrantica.com/perfume/Al-Battash-Classic/Samurai-34217.html,duplicate (earlier occurrence)
Al Shareef Oudh,Ward,unisex,90.0,https://www.fragrantica.com/perfume/Al-Shareef-Oudh/Ward-58443.html,duplicate (earlier occurrence)
ALT Fragrances,Atlantic Breeze,unisex,100.0,https://www.fragrantica.com/perfume/ALT-Fragrances/Atlantic-Breeze-94227.html,duplicate (earlier occurrence)
Andrea Maack,Coven,unisex,85.0,https://www.fragrantica.com/perfume/Andrea-Maack/Coven-23017.html,duplicate (earlier occurrence)
Apple Parfums,Night Flight,men,,https://www.fragrantica.com/perfume/Apple-Parfums/Night-Flight-26843.html,duplicate (earlier occurrence)
Aquaflor Firenze,Empereur,men,82.0,https://www.fragrantica.com/perfume/Aquaflor-Firenze/Empereur-46726.html,duplicate (earlier occurrence)
Ard Al Zaafaran,Thara Al Oud,unisex,84.0,https://www.fragrantica.com/perfume/Ard-Al-Zaafaran/Thara-Al-Oud-82791.html,duplicate (earlier occurrence)
Diesel,Fuel for Life l Eau,women,75.0,https://www.fragrantica.com/perfume/Diesel/Fuel-for-Life-l-Eau-34254.html,duplicate (earlier occurrence)
Diesel,Fuel for Life Summer,women,81.0,https://www.fragrantica.com/perfume/Diesel/Fuel-for-Life-Summer-8471.html,duplicate (earlier occurrence)
Donna Karan,DKNY Be Delicious Sparkling Apple,women,77.0,https://www.fragrantica.com/perfume/Donna-Karan/DKNY-Be-Delicious-Sparkling-Apple-15054.html,duplicate (earlier occurrence)
Donna Karan,DKNY Women Limited Edition,women,75.0,https://www.fragrantica.com/perfume/Donna-Karan/DKNY-Women-Limited-Edition-6654.html,duplicate (earlier occurrence)
DSH Perfumes,d Anjou,women,77.0,https://www.fragrantica.com/perfume/DSH-Perfumes/d-Anjou-8381.html,duplicate (earlier occurrence)
DSH Perfumes,L eau d Iris,women,79.0,https://www.fragrantica.com/perfume/DSH-Perfumes/L-eau-d-Iris-8389.html,duplicate (earlier occurrence)
Estiara,Fashion Sports Ice,women,,https://www.fragrantica.com/perfume/Estiara/Fashion-Sports-Ice-27740.html,duplicate (earlier occurrence)
Estiara,X Fashion,men,80.0,https://www.fragrantica.com/perfume/Estiara/X-Fashion-27797.html,duplicate (earlier occurrence)
Farmacia SS Annunziata,Whisky Oud,unisex,81.0,https://www.fragrantica.com/perfume/Farmacia-SS-Annunziata/Whisky-Oud-54867.html,duplicate (earlier occurrence)
Flumen Profumi,Adagio,unisex,80.0,https://www.fragrantica.com/perfume/Flumen-Profumi/Adagio-51541.html,duplicate (earlier occurrence)
Good Chemistry,Sugar Berry,women,89.0,https://www.fragrantica.com/perfume/Good-Chemistry/Sugar-Berry-65429.html,duplicate (earlier occurrence)
Goutal,Eau de Monsieur,men,85.0,https://www.fragrantica.com/perfume/Goutal/Eau-de-Monsieur-20449.html,duplicate (earlier occurrence)
Henry Jacques,Kavianca,women,84.0,https://www.fragrantica.com/perfume/Henry-Jacques/Kavianca-43756.html,duplicate (earlier occurrence)
Hunca,Caldion Jeans,women,90.0,https://www.fragrantica.com/perfume/Hunca/Caldion-Jeans-36432.html,duplicate (earlier occurrence)
Houbigant,Essence Rare,women,89.0,https://www.fragrantica.com/perfume/Houbigant/Essence-Rare-18758.html,duplicate (earlier occurrence)
In The Box,Codice Uno,men,75.0,https://www.fragrantica.com/perfume/In-The-Box/Codice-Uno-88086.html,duplicate (earlier occurrence)
Infiniment Coty Paris,Encore Une Fois,unisex,85.0,https://www.fragrantica.com/perfume/Infiniment-Coty-Paris/Encore-Une-Fois-90588.html,duplicate (earlier occurrence)
Jacques Fath,Green Water,men,83.0,https://www.fragrantica.com/perfume/Jacques-Fath/Green-Water-5115.html,duplicate (earlier occurrence)
Jardins d Ecrivains,Ajar,unisex,80.0,https://www.fragrantica.com/perfume/Jardins-d-Ecrivains/Ajar-46509.html,duplicate (earlier occurrence)
Jardins d Ecrivains,George,unisex,79.0,https://www.fragrantica.com/perfume/Jardins-d-Ecrivains/George-16868.html,duplicate (earlier occurrence)
Jardins d Ecrivains,Gigi,women,75.0,https://www.fragrantica.com/perfume/Jardins-d-Ecrivains/Gigi-18751.html,duplicate (earlier occurrence)
Jardins d Ecrivains,Junky,unisex,74.0,https://www.fragrantica.com/perfume/Jardins-d-Ecrivains/Junky-24628.html,duplicate (earlier occurrence)
Jardins d Ecrivains,La Dame aux Camelias Night Cologne,women,77.0,https://www.fragrantica.com/perfume/Jardins-d-Ecrivains/La-Dame-aux-Camelias-Night-Cologne-18752.html,duplicate (earlier occurrence)
Jardins d Ecrivains,Marlowe,women,79.0,https://www.fragrantica.com/perfume/Jardins-d-Ecrivains/Marlowe-30245.html,duplicate (earlier occurrence)
Jardins d Ecrivains,Orlando,unisex,72.0,https://www.fragrantica.com/perfume/Jardins-d-Ecrivains/Orlando-18753.html,duplicate (earlier occurrence)
Jardins d Ecrivains,Peau d Anne,unisex,84.0,https://www.fragrantica.com/perfume/Jardins-d-Ecrivains/Peau-d-Anne-79290.html,duplicate (earlier occurrence)
Jardins d Ecrivains,Wilde,unisex,72.0,https://www.fragrantica.com/perfume/Jardins-d-Ecrivains/Wilde-18754.html,duplicate (earlier occurrence)
Jardins d Ecrivains,Alcools,unisex,79.0,https://www.fragrantica.com/perfume/Jardins-d-Ecrivains/Alcools-52148.html,duplicate (earlier occurrence)
Jardins d Ecrivains,Exil,unisex,79.0,https://www.fragrantica.com/perfume/Jardins-d-Ecrivains/Exil-52151.html,duplicate (earlier occurrence)
Jardins d Ecrivains,Howl,unisex,80.0,https://www.fragrantica.com/perfume/Jardins-d-Ecrivains/Howl-52153.html,duplicate (earlier occurrence)
Jardins d Ecrivains,Loy,unisex,85.0,https://www.fragrantica.com/perfume/Jardins-d-Ecrivains/Loy-75656.html,duplicate (earlier occurrence)
Jardins d Ecrivains,Zorba,unisex,85.0,https://www.fragrantica.com/perfume/Jardins-d-Ecrivains/Zorba-67082.html,duplicate (earlier occurrence)
Jardins d Ecrivains,L Eau de Louys,unisex,80.0,https://www.fragrantica.com/perfume/Jardins-d-Ecrivains/L-Eau-de-Louys-54981.html,duplicate (earlier occurrence)
Jardins d Ecrivains,L Eau de Tagore,unisex,67.0,https://www.fragrantica.com/perfume/Jardins-d-Ecrivains/L-Eau-de-Tagore-54979.html,duplicate (earlier occurrence)
Jardins d Ecrivains,L Eau de Taipi,unisex,71.0,https://www.fragrantica.com/perfume/Jardins-d-Ecrivains/L-Eau-de-Taipi-63826.html,duplicate (earlier occurrence)
Jardins d Ecrivains,L Eau De Kakuzo Jade Dew,unisex,77.0,https://www.fragrantica.com/perfume/Jardins-d-Ecrivains/L-Eau-De-Kakuzo-Jade-Dew-49093.html,duplicate (earlier occurrence)
Jardins d Ecrivains,L Eau De Leopardi Verbena Spritz,unisex,95.0,https://www.fragrantica.com/perfume/Jardins-d-Ecrivains/L-Eau-De-Leopardi-Verbena-Spritz-49092.html,duplicate (earlier occurrence)
Jardins d Ecrivains,L Eau De Marceline Floral Infusion,unisex,67.0,https://www.fragrantica.com/perfume/Jardins-d-Ecrivains/L-Eau-De-Marceline-Floral-Infusion-49091.html,duplicate (earlier occurrence)
Jardins d Ecrivains,Splash Cologne Eau de Blixen,unisex,,https://www.fragrantica.com/perfume/Jardins-d-Ecrivains/Splash-Cologne-Eau-de-Blixen-66299.html,duplicate (earlier occurrence)
Jivago,24K,women,82.0,https://www.fragrantica.com/perfume/Jivago/24K-22182.html,duplicate (earlier occurrence)
Jivago,24K Gold,women,81.0,https://www.fragrantica.com/perfume/Jivago/24K-Gold-22183.html,duplicate (earlier occurrence)
Jivago,Connect,women,76.0,https://www.fragrantica.com/perfume/Jivago/Connect-22346.html,duplicate (earlier occurrence)
Jivago,Golden Elements,women,87.0,https://www.fragrantica.com/perfume/Jivago/Golden-Elements-35641.html,duplicate (earlier occurrence)
Jivago,Golden Sunrise,women,,https://www.fragrantica.com/perfume/Jivago/Golden-Sunrise-66283.html,duplicate (earlier occurrence)
Jivago,Golden Sunset,men,,https://www.fragrantica.com/perfume/Jivago/Golden-Sunset-66264.html,duplicate (earlier occurrence)
Jivago,Magnetic Gold,men,91.0,https://www.fragrantica.com/perfume/Jivago/Magnetic-Gold-66260.html,duplicate (earlier occurrence)
Jivago,Millennium Hope,men,77.0,https://www.fragrantica.com/perfume/Jivago/Millennium-Hope-22349.html,duplicate (earlier occurrence)
Jivago,Or Pur,women,,https://www.fragrantica.com/perfume/Jivago/Or-Pur-66284.html,duplicate (earlier occurrence)
Jivago,White Gold,men,75.0,https://www.fragrantica.com/perfume/Jivago/White-Gold-22188.html,duplicate (earlier occurrence)
John Varvatos,John Varvatos,men,84.0,https://www.fragrantica.com/perfume/John-Varvatos/John-Varvatos-2355.html,duplicate (earlier occurrence)
Jean Pierre Sand,Merveille Paris,women,80.0,https://www.fragrantica.com/perfume/Jean-Pierre-Sand/Merveille-Paris-27630.html,duplicate (earlier occurrence)
Jean Pierre Sand,Smart Phone White Edition,women,,https://www.fragrantica.com/perfume/Jean-Pierre-Sand/Smart-Phone-White-Edition-27905.html,duplicate (earlier occurrence)
Junaid Jamshed,Wasim Akram 502,men,84.0,https://www.fragrantica.com/perfume/Junaid-Jamshed/Wasim-Akram-502-46267.html,duplicate (earlier occurrence)
Karen Low,X Bright,men,70.0,https://www.fragrantica.com/perfume/Karen-Low/X-Bright-40220.html,duplicate (earlier occurrence)
Korres,L eau de Parfum 20,women,82.0,https://www.fragrantica.com/perfume/Korres/L-eau-de-Parfum-20-41274.html,duplicate (earlier occurrence)
L Occitane en Provence,Ambre,women,89.0,https://www.fragrantica.com/perfume/L-Occitane-en-Provence/Ambre-2027.html,duplicate (earlier occurrence)
L Occitane en Provence,Eau d Iparie,women,86.0,https://www.fragrantica.com/perfume/L-Occitane-en-Provence/Eau-d-Iparie-2229.html,duplicate (earlier occurrence)
L Occitane en Provence,Eau des 4 Voleurs,men,86.0,https://www.fragrantica.com/perfume/L-Occitane-en-Provence/Eau-des-4-Voleurs-2031.html,duplicate (earlier occurrence)
L Occitane en Provence,Arlesienne,women,81.0,https://www.fragrantica.com/perfume/L-Occitane-en-Provence/Arlesienne-27954.html,duplicate (earlier occurrence)
L Occitane Au Bresil,Abraco a Dois,women,80.0,https://www.fragrantica.com/perfume/L-Occitane-Au-Bresil/Abraco-a-Dois-54612.html,duplicate (earlier occurrence)
La Maison de la Vanille,Royal Oud,unisex,70.0,https://www.fragrantica.com/perfume/La-Maison-de-la-Vanille/Royal-Oud-16486.html,duplicate (earlier occurrence)
Laurent Mazzone Parfums,Epine Mortelle,unisex,75.0,https://www.fragrantica.com/perfume/Laurent-Mazzone-Parfums/Epine-Mortelle-82573.html,duplicate (earlier occurrence)
Linn Young,Fashion Provo,men,64.0,https://www.fragrantica.com/perfume/Linn-Young/Fashion-Provo-21233.html,duplicate (earlier occurrence)
Lonkoom Parfum,In Heart,men,67.0,https://www.fragrantica.com/perfume/Lonkoom-Parfum/In-Heart-70531.html,duplicate (earlier occurrence)
Lonkoom Parfum,Lenience,women,72.0,https://www.fragrantica.com/perfume/Lonkoom-Parfum/Lenience-38769.html,duplicate (earlier occurrence)
Lonkoom Parfum,24K Pure Gold,women,83.0,https://www.fragrantica.com/perfume/Lonkoom-Parfum/24K-Pure-Gold-70028.html,duplicate (earlier occurrence)
Liz Claiborne,Curve Wave,women,79.0,https://www.fragrantica.com/perfume/Liz-Claiborne/Curve-Wave-9609.html,duplicate (earlier occurrence)
Liz Claiborne,Lucky You,women,78.0,https://www.fragrantica.com/perfume/Liz-Claiborne/Lucky-You-8971.html,duplicate (earlier occurrence)
Lubin,Kismet,unisex,92.0,https://www.fragrantica.com/perfume/Lubin/Kismet-40459.html,duplicate (earlier occurrence)
Lvnea,Ghost Pine,unisex,86.0,https://www.fragrantica.com/perfume/Lvnea/Ghost-Pine-52455.html,duplicate (earlier occurrence)
MAC,Turquatic,women,80.0,https://www.fragrantica.com/perfume/MAC/Turquatic-6198.html,duplicate (earlier occurrence)
Maissa Parfums,Jardin d Essai,unisex,76.0,https://www.fragrantica.com/perfume/Maissa-Parfums/Jardin-d-Essai-68573.html,duplicate (earlier occurrence)
Majid Muzaffar Iterji,Al Berwaz,men,40.0,https://www.fragrantica.com/perfume/Majid-Muzaffar-Iterji/Al-Berwaz-29510.html,duplicate (earlier occurrence)
Majid Muzaffar Iterji,Mukhallat Kiswat Al Kaaba,unisex,80.0,https://www.fragrantica.com/perfume/Majid-Muzaffar-Iterji/Mukhallat-Kiswat-Al-Kaaba-29523.html,duplicate (earlier occurrence)
Majid Muzaffar Iterji,Sahara,women,,https://www.fragrantica.com/perfume/Majid-Muzaffar-Iterji/Sahara-29688.html,duplicate (earlier occurrence)
Molinard,Heliotrope,women,81.0,https://www.fragrantica.com/perfume/Molinard/Heliotrope-19373.html,duplicate (earlier occurrence)
Molinard,Patchouli Intense,women,85.0,https://www.fragrantica.com/perfume/Molinard/Patchouli-Intense-10812.html,duplicate (earlier occurrence)
Molinard,Rose Turkia,unisex,80.0,https://www.fragrantica.com/perfume/Molinard/Rose-Turkia-37892.html,duplicate (earlier occurrence)
Molinard,Campus,unisex,59.0,https://www.fragrantica.com/perfume/Molinard/Campus-75864.html,duplicate (earlier occurrence)
Molinard,Madrigal,unisex,78.0,https://www.fragrantica.com/perfume/Molinard/Madrigal-75867.html,duplicate (earlier occurrence)
Molinard,Mirea,unisex,79.0,https://www.fragrantica.com/perfume/Molinard/Mirea-75866.html,duplicate (earlier occurrence)
Molinard,MM,unisex,72.0,https://www.fragrantica.com/perfume/Molinard/MM-75868.html,duplicate (earlier occurrence)
Molinard,Vents et Marees,unisex,75.0,https://www.fragrantica.com/perfume/Molinard/Vents-et-Marees-75865.html,duplicate (earlier occurrence)
Molinard,Lavande,unisex,77.0,https://www.fragrantica.com/perfume/Molinard/Lavande-6239.html,duplicate (earlier occurrence)
Molinard,Muguet,women,82.0,https://www.fragrantica.com/perfume/Molinard/Muguet-19374.html,duplicate (earlier occurrence)
Molinard,Patchouli,women,70.0,https://www.fragrantica.com/perfume/Molinard/Patchouli-30431.html,duplicate (earlier occurrence)
Molinard,Vanille,women,77.0,https://www.fragrantica.com/perfume/Molinard/Vanille-30430.html,duplicate (earlier occurrence)
Molinard,Molinard de Molinard,women,79.0,https://www.fragrantica.com/perfume/Molinard/Molinard-de-Molinard-3933.html,duplicate (earlier occurrence)
Molinard,Nirmala,women,80.0,https://www.fragrantica.com/perfume/Molinard/Nirmala-6228.html,duplicate (earlier occurrence)
Molton Brown,Rose Dunes,unisex,85.0,https://www.fragrantica.com/perfume/Molton-Brown/Rose-Dunes-73499.html,duplicate (earlier occurrence)
Molton Brown,Wild Mint Lavandin,unisex,80.0,https://www.fragrantica.com/perfume/Molton-Brown/Wild-Mint-Lavandin-85351.html,duplicate (earlier occurrence)
MPF,Ferocious,men,100.0,https://www.fragrantica.com/perfume/MPF/Ferocious-36686.html,duplicate (earlier occurrence)
MPF,Virtuel,women,80.0,https://www.fragrantica.com/perfume/MPF/Virtuel-36709.html,duplicate (earlier occurrence)
Myrurgia,Yacht Man Esencia,men,60.0,https://www.fragrantica.com/perfume/Myrurgia/Yacht-Man-Esencia-63703.html,duplicate (earlier occurrence)
Antonio Puig,Agua Lavanda,unisex,86.0,https://www.fragrantica.com/perfume/Antonio-Puig/Agua-Lavanda-26273.html,duplicate (earlier occurrence)
Aromatic Families,Patchouli,unisex,80.0,https://www.fragrantica.com/perfume/Aromatic-Families/Patchouli-76388.html,duplicate (earlier occurrence)
Nadia Z,Camino de Azahar,women,,https://www.fragrantica.com/perfume/Nadia-Z/Camino-de-Azahar-39896.html,duplicate (earlier occurrence)
Nadia Z,Mar de Cadiz,unisex,60.0,https://www.fragrantica.com/perfume/Nadia-Z/Mar-de-Cadiz-39895.html,duplicate (earlier occurrence)
Nadia Z,Japanese Spring,women,40.0,https://www.fragrantica.com/perfume/Nadia-Z/Japanese-Spring-39898.html,duplicate (earlier occurrence)
Nadia Z,Espiritu Pirata,men,78.0,https://www.fragrantica.com/perfume/Nadia-Z/Espiritu-Pirata-39909.html,duplicate (earlier occurrence)
Nabeel,Raunaq,men,76.0,https://www.fragrantica.com/perfume/Nabeel/Raunaq-33318.html,duplicate (earlier occurrence)
Nabeel,Ma Alaina,unisex,50.0,https://www.fragrantica.com/perfume/Nabeel/Ma-Alaina-77550.html,duplicate (earlier occurrence)
Nike,Nike Casual,women,77.0,https://www.fragrantica.com/perfume/Nike/Nike-Casual-21441.html,duplicate (earlier occurrence)
Nike,Nike Extreme,men,82.0,https://www.fragrantica.com/perfume/Nike/Nike-Extreme-21434.html,duplicate (earlier occurrence)
Nike,Nike Fission,men,80.0,https://www.fragrantica.com/perfume/Nike/Nike-Fission-21423.html,duplicate (earlier occurrence)
Nike,Nike Original,men,86.0,https://www.fragrantica.com/perfume/Nike/Nike-Original-21421.html,duplicate (earlier occurrence)
Nike,Nike Pure,men,70.0,https://www.fragrantica.com/perfume/Nike/Nike-Pure-21446.html,duplicate (earlier occurrence)
Nike,Nike Up or Down,men,81.0,https://www.fragrantica.com/perfume/Nike/Nike-Up-or-Down-21433.html,duplicate (earlier occurrence)
Nike,Nike Urban Musk,men,80.0,https://www.fragrantica.com/perfume/Nike/Nike-Urban-Musk-21449.html,duplicate (earlier occurrence)
Perfume and Skin,Trigger,men,100.0,https://www.fragrantica.com/perfume/Perfume-and-Skin/Trigger-31154.html,duplicate (earlier occurrence)
Perfumer s Workshop,Samba Sexy,men,85.0,https://www.fragrantica.com/perfume/Perfumer-s-Workshop/Samba-Sexy-30340.html,duplicate (earlier occurrence)
Perfumer s Workshop,Samba Sun,women,69.0,https://www.fragrantica.com/perfume/Perfumer-s-Workshop/Samba-Sun-30310.html,duplicate (earlier occurrence)
Perfumer s Workshop,Samba Super,women,87.0,https://www.fragrantica.com/perfume/Perfumer-s-Workshop/Samba-Super-30311.html,duplicate (earlier occurrence)
Pierre Balmain,Eau d Ivoire,women,73.0,https://www.fragrantica.com/perfume/Pierre-Balmain/Eau-d-Ivoire-3815.html,duplicate (earlier occurrence)
Pierre Balmain,Monsieur Balmain,men,85.0,https://www.fragrantica.com/perfume/Pierre-Balmain/Monsieur-Balmain-3819.html,duplicate (earlier occurrence)
Pierre Balmain,Vent Vert,women,82.0,https://www.fragrantica.com/perfume/Pierre-Balmain/Vent-Vert-3820.html,duplicate (earlier occurrence)
Princesse Marina De Bourbon,Notre Dame,men,20.0,https://www.fragrantica.com/perfume/Princesse-Marina-De-Bourbon/Notre-Dame-19412.html,duplicate (earlier occurrence)
Reyane Tradition,Acqua Di Parisis Milano,men,85.0,https://www.fragrantica.com/perfume/Reyane-Tradition/Acqua-Di-Parisis-Milano-30731.html,duplicate (earlier occurrence)
Reyane Tradition,Acqua Di Parisis Roma,men,60.0,https://www.fragrantica.com/perfume/Reyane-Tradition/Acqua-Di-Parisis-Roma-30733.html,duplicate (earlier occurrence)
Reyane Tradition,Acqua Di Parisis Venizia,women,91.0,https://www.fragrantica.com/perfume/Reyane-Tradition/Acqua-Di-Parisis-Venizia-30701.html,duplicate (earlier occurrence)
Reyane Tradition,Dream,men,,https://www.fragrantica.com/perfume/Reyane-Tradition/Dream-30730.html,duplicate (earlier occurrence)
Reyane Tradition,Insurrection,women,76.0,https://www.fragrantica.com/perfume/Reyane-Tradition/Insurrection-30703.html,duplicate (earlier occurrence)
Reyane Tradition,Reyane,men,63.0,https://www.fragrantica.com/perfume/Reyane-Tradition/Reyane-30725.html,duplicate (earlier occurrence)
Rook Perfumes,Amber,unisex,72.0,https://www.fragrantica.com/perfume/Rook-Perfumes/Amber-62277.html,duplicate (earlier occurrence)
Rook Perfumes,Suede,unisex,61.0,https://www.fragrantica.com/perfume/Rook-Perfumes/Suede-62279.html,duplicate (earlier occurrence)
Rook Perfumes,Thurible,unisex,76.0,https://www.fragrantica.com/perfume/Rook-Perfumes/Thurible-62278.html,duplicate (earlier occurrence)
Rogue Perfumery,Vetifleur,unisex,78.0,https://www.fragrantica.com/perfume/Rogue-Perfumery/Vetifleur-70951.html,duplicate (earlier occurrence)
Roberto Capucci,Nuance,men,75.0,https://www.fragrantica.com/perfume/Roberto-Capucci/Nuance-9540.html,duplicate (earlier occurrence)
Strangers Parfumerie,Cigar Rum Intense,unisex,82.0,https://www.fragrantica.com/perfume/Strangers-Parfumerie/Cigar-Rum-Intense-58535.html,duplicate (earlier occurrence)
Sweet Essentials,Berries Cream,unisex,100.0,https://www.fragrantica.com/perfume/Sweet-Essentials/Berries-Cream-59991.html,duplicate (earlier occurrence)
Sweet Essentials,Pumpkin Coconut Cream,unisex,60.0,https://www.fragrantica.com/perfume/Sweet-Essentials/Pumpkin-Coconut-Cream-59966.html,duplicate (earlier occurrence)
Sweet Essentials,Sweet Fig Harvest,unisex,100.0,https://www.fragrantica.com/perfume/Sweet-Essentials/Sweet-Fig-Harvest-59862.html,duplicate (earlier occurrence)
Suhad Perfumes,Bukhoor,unisex,44.0,https://www.fragrantica.com/perfume/Suhad-Perfumes/Bukhoor-18327.html,duplicate (earlier occurrence)
The Body Shop,British Rose,women,80.0,https://www.fragrantica.com/perfume/The-Body-Shop/British-Rose-35704.html,duplicate (earlier occurrence)
The Body Shop,Fuji Green Tea,unisex,81.0,https://www.fragrantica.com/perfume/The-Body-Shop/Fuji-Green-Tea-30824.html,duplicate (earlier occurrence)
The Body Shop,Indian Night Jasmine Perfume Oil,unisex,,https://www.fragrantica.com/perfume/The-Body-Shop/Indian-Night-Jasmine-Perfume-Oil-90603.html,duplicate (earlier occurrence)
The Body Shop,Moringa,unisex,81.0,https://www.fragrantica.com/perfume/The-Body-Shop/Moringa-17144.html,duplicate (earlier occurrence)
The Body Shop,Sakura No Ki Flor de Cerejeira,women,86.0,https://www.fragrantica.com/perfume/The-Body-Shop/Sakura-No-Ki-Flor-de-Cerejeira-66367.html,duplicate (earlier occurrence)
The Body Shop,Shea,unisex,83.0,https://www.fragrantica.com/perfume/The-Body-Shop/Shea-17143.html,duplicate (earlier occurrence)
The Body Shop,Strawberry,women,75.0,https://www.fragrantica.com/perfume/The-Body-Shop/Strawberry-17139.html,duplicate (earlier occurrence)
The Body Shop,Vanilla,women,82.0,https://www.fragrantica.com/perfume/The-Body-Shop/Vanilla-3337.html,duplicate (earlier occurrence)
The Dua Brand,Alexandra Short,women,80.0,https://www.fragrantica.com/perfume/The-Dua-Brand/Alexandra-Short-74537.html,duplicate (earlier occurrence)
The Dua Brand,Caramel Pomme Delight,unisex,93.0,https://www.fragrantica.com/perfume/The-Dua-Brand/Caramel-Pomme-Delight-65898.html,duplicate (earlier occurrence)
The Dua Brand,Dua s Suede,unisex,75.0,https://www.fragrantica.com/perfume/The-Dua-Brand/Dua-s-Suede-69633.html,duplicate (earlier occurrence)
Yves de Sistelle,Elegance,women,95.0,https://www.fragrantica.com/perfume/Yves-de-Sistelle/Elegance-19712.html,duplicate (earlier occurrence)
Yves de Sistelle,Ivanhoe,men,82.0,https://www.fragrantica.com/perfume/Yves-de-Sistelle/Ivanhoe-19730.html,duplicate (earlier occurrence)
Velvet Sweet Pea s Purrfumery,Black Cat,unisex,84.0,https://www.fragrantica.com/perfume/Velvet-Sweet-Pea-s-Purrfumery/Black-Cat-32444.html,duplicate (earlier occurrence)
Velvet Sweet Pea s Purrfumery,Highway,unisex,93.0,https://www.fragrantica.com/perfume/Velvet-Sweet-Pea-s-Purrfumery/Highway-39793.html,duplicate (earlier occurrence)
Velvet Sweet Pea s Purrfumery,Honey,women,84.0,https://www.fragrantica.com/perfume/Velvet-Sweet-Pea-s-Purrfumery/Honey-16645.html,duplicate (earlier occurrence)
Yardley,Bond St,women,92.0,https://www.fragrantica.com/perfume/Yardley/Bond-St-38193.html,duplicate (earlier occurrence)
Yardley,Bond Street No 33,women,93.0,https://www.fragrantica.com/perfume/Yardley/Bond-Street-No-33-41134.html,duplicate (earlier occurrence)
Yardley,Diamond,women,84.0,https://www.fragrantica.com/perfume/Yardley/Diamond-26516.html,duplicate (earlier occurrence)
Just Scent,Strawberry Cake,unisex,100.0,https://www.fragrantica.com/perfume/Just-Scent/Strawberry-Cake-60914.html,duplicate (earlier occurrence)
Kiko Milano,Fire Temptation,women,,https://www.fragrantica.com/perfume/Kiko-Milano/Fire-Temptation-73961.html,duplicate (earlier occurrence)
Kiko Milano,Flowers Freedom,women,,https://www.fragrantica.com/perfume/Kiko-Milano/Flowers-Freedom-73960.html,duplicate (earlier occurrence)
Kiko Milano,Romance Desire,women,100.0,https://www.fragrantica.com/perfume/Kiko-Milano/Romance-Desire-73963.html,duplicate (earlier occurrence)
Kiko Milano,Water Innocence,women,53.0,https://www.fragrantica.com/perfume/Kiko-Milano/Water-Innocence-71693.html,duplicate (earlier occurrence)
Lanvin,Eclat d Arpege,women,74.0,https://www.fragrantica.com/perfume/Lanvin/Eclat-d-Arpege-9110.html,duplicate (earlier occurrence)
Ulric de Varens,Candy Dream,women,70.0,https://www.fragrantica.com/perfume/Ulric-de-Varens/Candy-Dream-56117.html,duplicate (earlier occurrence)
Ulric de Varens,Musk Sexy,women,81.0,https://www.fragrantica.com/perfume/Ulric-de-Varens/Musk-Sexy-56120.html,duplicate (earlier occurrence)
Ulric de Varens,Vanilla Darling,women,79.0,https://www.fragrantica.com/perfume/Ulric-de-Varens/Vanilla-Darling-56116.html,duplicate (earlier occurrence)
TRNP,Blossom,unisex,82.0,https://www.fragrantica.com/perfume/TRNP/Blossom-45622.html,duplicate (earlier occurrence)
TRNP,Pagan,unisex,88.0,https://www.fragrantica.com/perfume/TRNP/Pagan-45673.html,duplicate (earlier occurrence)
TRNP,Sylvana,unisex,100.0,https://www.fragrantica.com/perfume/TRNP/Sylvana-51948.html,duplicate (earlier occurrence)
Tom Tailor,Tom Tailor College Sport Man,women,75.0,https://www.fragrantica.com/perfume/Tom-Tailor/Tom-Tailor-College-Sport-Man-27499.html,duplicate (earlier occurrence)
Tom Tailor,Unified,women,80.0,https://www.fragrantica.com/perfume/Tom-Tailor/Unified-90010.html,duplicate (earlier occurrence)
Thameen,Amber Room,unisex,78.0,https://www.fragrantica.com/perfume/Thameen/Amber-Room-49690.html,duplicate (earlier occurrence)
Thameen,Blue Heart,unisex,100.0,https://www.fragrantica.com/perfume/Thameen/Blue-Heart-94835.html,duplicate (earlier occurrence)
Thameen,Carved Oud,unisex,82.0,https://www.fragrantica.com/perfume/Thameen/Carved-Oud-49688.html,duplicate (earlier occurrence)
Thameen,Peacock Throne,unisex,77.0,https://www.fragrantica.com/perfume/Thameen/Peacock-Throne-49691.html,duplicate (earlier occurrence)
Thameen,Riviere,unisex,83.0,https://www.fragrantica.com/perfume/Thameen/Riviere-49689.html,duplicate (earlier occurrence)
Thameen,The Cora,unisex,74.0,https://www.fragrantica.com/perfume/Thameen/The-Cora-55051.html,duplicate (earlier occurrence)
Springfield,Like Squad,men,60.0,https://www.fragrantica.com/perfume/Springfield/Like-Squad-54123.html,duplicate (earlier occurrence)
So,Fresh Floral,women,57.0,https://www.fragrantica.com/perfume/So/Fresh-Floral-66227.html,duplicate (earlier occurrence)
So,Pink Grapefruit,women,81.0,https://www.fragrantica.com/perfume/So/Pink-Grapefruit-73406.html,duplicate (earlier occurrence)
So,Vanilla,women,78.0,https://www.fragrantica.com/perfume/So/Vanilla-66216.html,duplicate (earlier occurrence)
So,Wild Berries,women,77.0,https://www.fragrantica.com/perfume/So/Wild-Berries-73404.html,duplicate (earlier occurrence)
Smell Bent,Pere Noel Coward,unisex,82.0,https://www.fragrantica.com/perfume/Smell-Bent/Pere-Noel-Coward-7693.html,duplicate (earlier occurrence)
Signature Fragrances,Woody Conjure,men,89.0,https://www.fragrantica.com/perfume/Signature-Fragrances/Woody-Conjure-29065.html,duplicate (earlier occurrence)
Sapil,Passion,men,72.0,https://www.fragrantica.com/perfume/Sapil/Passion-25549.html,duplicate (earlier occurrence)
Sapil,Voice,women,100.0,https://www.fragrantica.com/perfume/Sapil/Voice-25556.html,duplicate (earlier occurrence)
Sapil,Chichi,men,79.0,https://www.fragrantica.com/perfume/Sapil/Chichi-25559.html,duplicate (earlier occurrence)
Sapil,Lumio,men,,https://www.fragrantica.com/perfume/Sapil/Lumio-25536.html,duplicate (earlier occurrence)
Sapil,Merci,women,80.0,https://www.fragrantica.com/perfume/Sapil/Merci-25535.html,duplicate (earlier occurrence)
Sapil,Virtual,men,65.0,https://www.fragrantica.com/perfume/Sapil/Virtual-25544.html,duplicate (earlier occurrence)
Police,To Be Tattooart,men,77.0,https://www.fragrantica.com/perfume/Police/To-Be-Tattooart-47138.html,duplicate (earlier occurrence)
s Oliver,Superior,men,80.0,https://www.fragrantica.com/perfume/s-Oliver/Superior-9742.html,duplicate (earlier occurrence)
Rue21,Revert Eco,women,81.0,https://www.fragrantica.com/perfume/Rue21/Revert-Eco-11862.html,duplicate (earlier occurrence)
Rue21,Rue,men,73.0,https://www.fragrantica.com/perfume/Rue21/Rue-11867.html,duplicate (earlier occurrence)
Prudence Paris,No 1,unisex,73.0,https://www.fragrantica.com/perfume/Prudence-Paris/No-1-31234.html,duplicate (earlier occurrence)
Prudence Paris,No 2,unisex,80.0,https://www.fragrantica.com/perfume/Prudence-Paris/No-2-31235.html,duplicate (earlier occurrence)
Prudence Paris,No 3,unisex,94.0,https://www.fragrantica.com/perfume/Prudence-Paris/No-3-31236.html,duplicate (earlier occurrence)
Prudence Paris,No 4,unisex,100.0,https://www.fragrantica.com/perfume/Prudence-Paris/No-4-31237.html,duplicate (earlier occurrence)
Prudence Paris,No 5,unisex,82.0,https://www.fragrantica.com/perfume/Prudence-Paris/No-5-31238.html,duplicate (earlier occurrence)
Prudence Paris,No 6,unisex,74.0,https://www.fragrantica.com/perfume/Prudence-Paris/No-6-31239.html,duplicate (earlier occurrence)
Place des Lices,Matin d Ete,women,96.0,https://www.fragrantica.com/perfume/Place-des-Lices/Matin-d-Ete-13467.html,duplicate (earlier occurrence)
Place des Lices,White Daisy,women,50.0,https://www.fragrantica.com/perfume/Place-des-Lices/White-Daisy-13449.html,duplicate (earlier occurrence)
Place des Lices,Safran Gourmand,unisex,80.0,https://www.fragrantica.com/perfume/Place-des-Lices/Safran-Gourmand-69371.html,duplicate (earlier occurrence)
Phebo,Alfazema Provencal,unisex,80.0,https://www.fragrantica.com/perfume/Phebo/Alfazema-Provencal-24627.html,duplicate (earlier occurrence)
Phebo,Limao Siciliano,unisex,87.0,https://www.fragrantica.com/perfume/Phebo/Limao-Siciliano-25456.html,duplicate (earlier occurrence)
Phebo,Patchouli,men,82.0,https://www.fragrantica.com/perfume/Phebo/Patchouli-35385.html,duplicate (earlier occurrence)
Parfums Genty,Niagara Tendre,women,69.0,https://www.fragrantica.com/perfume/Parfums-Genty/Niagara-Tendre-38917.html,duplicate (earlier occurrence)
Parfums Codibel,Gaudi,women,100.0,https://www.fragrantica.com/perfume/Parfums-Codibel/Gaudi-38835.html,duplicate (earlier occurrence)
Parfums Codibel,Latino Absoluto,women,,https://www.fragrantica.com/perfume/Parfums-Codibel/Latino-Absoluto-38880.html,duplicate (earlier occurrence)
Panouge,Return,women,77.0,https://www.fragrantica.com/perfume/Panouge/Return-34728.html,duplicate (earlier occurrence)
Pacifica,Indian Coconut Nectar,women,74.0,https://www.fragrantica.com/perfume/Pacifica/Indian-Coconut-Nectar-10783.html,duplicate (earlier occurrence)
Pacifica,Island Vanilla,women,82.0,https://www.fragrantica.com/perfume/Pacifica/Island-Vanilla-14298.html,duplicate (earlier occurrence)
Pacifica,Dream Moon,unisex,79.0,https://www.fragrantica.com/perfume/Pacifica/Dream-Moon-64941.html,duplicate (earlier occurrence)
Pacifica,Silver Moon,unisex,79.0,https://www.fragrantica.com/perfume/Pacifica/Silver-Moon-64942.html,duplicate (earlier occurrence)
Navitus Parfums,Ambrosia Imperiale,unisex,78.0,https://www.fragrantica.com/perfume/Navitus-Parfums/Ambrosia-Imperiale-81976.html,duplicate (earlier occurrence)
Navitus Parfums,Chocolate Queen,unisex,80.0,https://www.fragrantica.com/perfume/Navitus-Parfums/Chocolate-Queen-78705.html,duplicate (earlier occurrence)
Navitus Parfums,Miel Extase,unisex,65.0,https://www.fragrantica.com/perfume/Navitus-Parfums/Miel-Extase-84405.html,duplicate (earlier occurrence)
Navitus Parfums,Nuit Royale,unisex,59.0,https://www.fragrantica.com/perfume/Navitus-Parfums/Nuit-Royale-81974.html,duplicate (earlier occurrence)
Navitus Parfums,Vivamor,unisex,82.0,https://www.fragrantica.com/perfume/Navitus-Parfums/Vivamor-60640.html,duplicate (earlier occurrence)
Molyneux,Vivre,women,88.0,https://www.fragrantica.com/perfume/Molyneux/Vivre-6287.html,duplicate (earlier occurrence)
Michel Germain,Deauville Champagne Edition,women,79.0,https://www.fragrantica.com/perfume/Michel-Germain/Deauville-Champagne-Edition-39615.html,duplicate (earlier occurrence)
Michel Germain,Tattoo,men,83.0,https://www.fragrantica.com/perfume/Michel-Germain/Tattoo-9855.html,duplicate (earlier occurrence)
Messinian SPA,Black Truffle,unisex,,https://www.fragrantica.com/perfume/Messinian-SPA/Black-Truffle-76082.html,duplicate (earlier occurrence)
Messinian SPA,Cotton Candy Lily of the Valley,women,100.0,https://www.fragrantica.com/perfume/Messinian-SPA/Cotton-Candy-Lily-of-the-Valley-76074.html,duplicate (earlier occurrence)
Messinian SPA,Royal Jelly Helichrysum,women,,https://www.fragrantica.com/perfume/Messinian-SPA/Royal-Jelly-Helichrysum-76075.html,duplicate (earlier occurrence)
Messinian SPA,Spicy Vanilla,unisex,100.0,https://www.fragrantica.com/perfume/Messinian-SPA/Spicy-Vanilla-76083.html,duplicate (earlier occurrence)
Messinian SPA,Christmas Joy Chai Latte,women,,https://www.fragrantica.com/perfume/Messinian-SPA/Christmas-Joy-Chai-Latte-76096.html,duplicate (earlier occurrence)
Memoize London,Unitas,unisex,80.0,https://www.fragrantica.com/perfume/Memoize-London/Unitas-71613.html,duplicate (earlier occurrence)
Masque Milano,Dolceacqua,women,74.0,https://www.fragrantica.com/perfume/Masque-Milano/Dolceacqua-16551.html,duplicate (earlier occurrence)
Masque Milano,Petra,women,76.0,https://www.fragrantica.com/perfume/Masque-Milano/Petra-16550.html,duplicate (earlier occurrence)
Mark Buxton,Black Angel,unisex,79.0,https://www.fragrantica.com/perfume/Mark-Buxton/Black-Angel-5182.html,duplicate (earlier occurrence)
Mahogany,Blue,men,76.0,https://www.fragrantica.com/perfume/Mahogany/Blue-32631.html,duplicate (earlier occurrence)
Mahogany,Hardd,men,100.0,https://www.fragrantica.com/perfume/Mahogany/Hardd-32680.html,duplicate (earlier occurrence)
Mahogany,Party at Ibiza,women,87.0,https://www.fragrantica.com/perfume/Mahogany/Party-at-Ibiza-57055.html,duplicate (earlier occurrence)
Louis Cardin,Kings of Fortune,unisex,100.0,https://www.fragrantica.com/perfume/Louis-Cardin/Kings-of-Fortune-64503.html,duplicate (earlier occurrence)
Lomani,AB Spirit,men,77.0,https://www.fragrantica.com/perfume/Lomani/AB-Spirit-20435.html,duplicate (earlier occurrence)
Lomani,Lomani Do It,men,75.0,https://www.fragrantica.com/perfume/Lomani/Lomani-Do-It-20013.html,duplicate (earlier occurrence)
Ladanika,Russian Fairytale Russkaa Skazka,unisex,62.0,https://www.fragrantica.com/perfume/Ladanika/Russian-Fairytale-Russkaa-Skazka-75260.html,duplicate (earlier occurrence)
Jovan,Black Musk,women,73.0,https://www.fragrantica.com/perfume/Jovan/Black-Musk-7528.html,duplicate (earlier occurrence)
Jovan,Fever,women,81.0,https://www.fragrantica.com/perfume/Jovan/Fever-25462.html,duplicate (earlier occurrence)
Jovan,Ginseng,women,80.0,https://www.fragrantica.com/perfume/Jovan/Ginseng-47589.html,duplicate (earlier occurrence)
Jovan,Oleg Cassini,men,90.0,https://www.fragrantica.com/perfume/Jovan/Oleg-Cassini-47475.html,duplicate (earlier occurrence)
Jovan,Sport Scent,women,83.0,https://www.fragrantica.com/perfume/Jovan/Sport-Scent-47592.html,duplicate (earlier occurrence)
Jovan,White Musk,men,80.0,https://www.fragrantica.com/perfume/Jovan/White-Musk-7531.html,duplicate (earlier occurrence)
Jequiti,41 Graus,women,85.0,https://www.fragrantica.com/perfume/Jequiti/41-Graus-25211.html,duplicate (earlier occurrence)
Jequiti,Elixir,women,90.0,https://www.fragrantica.com/perfume/Jequiti/Elixir-43013.html,duplicate (earlier occurrence)
Jequiti,Hypnotic,women,80.0,https://www.fragrantica.com/perfume/Jequiti/Hypnotic-82478.html,duplicate (earlier occurrence)
Jequiti,Thiaguinho,men,80.0,https://www.fragrantica.com/perfume/Jequiti/Thiaguinho-45328.html,duplicate (earlier occurrence)
Jequiti,Triboo,women,,https://www.fragrantica.com/perfume/Jequiti/Triboo-81336.html,duplicate (earlier occurrence)
Jequiti,Amar A1,men,,https://www.fragrantica.com/perfume/Jequiti/Amar-A1-81322.html,duplicate (earlier occurrence)
Jequiti,Amar A2,men,,https://www.fragrantica.com/perfume/Jequiti/Amar-A2-81324.html,duplicate (earlier occurrence)
Jequiti,Amar M,men,,https://www.fragrantica.com/perfume/Jequiti/Amar-M-81323.html,duplicate (earlier occurrence)
Jequiti,Amar R,men,,https://www.fragrantica.com/perfume/Jequiti/Amar-R-81325.html,duplicate (earlier occurrence)
Jequiti,Carlinhos Maia,men,72.0,https://www.fragrantica.com/perfume/Jequiti/Carlinhos-Maia-70151.html,duplicate (earlier occurrence)
Jequiti,Carlinhos Maia Stories,men,74.0,https://www.fragrantica.com/perfume/Jequiti/Carlinhos-Maia-Stories-77626.html,duplicate (earlier occurrence)
Jequiti,Elo Por Claudia Leitte,women,60.0,https://www.fragrantica.com/perfume/Jequiti/Elo-Por-Claudia-Leitte-25201.html,duplicate (earlier occurrence)
Jequiti,Eu Desperto Blackberry com Acucar,women,65.0,https://www.fragrantica.com/perfume/Jequiti/Eu-Desperto-Blackberry-com-Acucar-56300.html,duplicate (earlier occurrence)
Jequiti,Luan Santana LS You Live,men,82.0,https://www.fragrantica.com/perfume/Jequiti/Luan-Santana-LS-You-Live-56738.html,duplicate (earlier occurrence)
Jequiti,Merci,women,73.0,https://www.fragrantica.com/perfume/Jequiti/Merci-37920.html,duplicate (earlier occurrence)
Jequiti,Merci Intense,men,53.0,https://www.fragrantica.com/perfume/Jequiti/Merci-Intense-32628.html,duplicate (earlier occurrence)
Jequiti,Royal Madeira,men,75.0,https://www.fragrantica.com/perfume/Jequiti/Royal-Madeira-25232.html,duplicate (earlier occurrence)
Jequiti,Royal Madeira Blanc,men,90.0,https://www.fragrantica.com/perfume/Jequiti/Royal-Madeira-Blanc-47149.html,duplicate (earlier occurrence)
Jequiti,So Voce Fabio Jr,women,78.0,https://www.fragrantica.com/perfume/Jequiti/So-Voce-Fabio-Jr-25234.html,duplicate (earlier occurrence)
Jequiti,So Voce Fabio Jr Momentos,women,70.0,https://www.fragrantica.com/perfume/Jequiti/So-Voce-Fabio-Jr-Momentos-25236.html,duplicate (earlier occurrence)
Jequiti,Uzon Magnetic,men,70.0,https://www.fragrantica.com/perfume/Jequiti/Uzon-Magnetic-65829.html,duplicate (earlier occurrence)
Jean Patou,1000,women,91.0,https://www.fragrantica.com/perfume/Jean-Patou/1000-51410.html,duplicate (earlier occurrence)
Gosh,On Stage,women,80.0,https://www.fragrantica.com/perfume/Gosh/On-Stage-9725.html,duplicate (earlier occurrence)
Giorgio Valenti,P U R E,men,75.0,https://www.fragrantica.com/perfume/Giorgio-Valenti/P-U-R-E-38455.html,duplicate (earlier occurrence)
Giorgio Valenti,Rose Noire,men,80.0,https://www.fragrantica.com/perfume/Giorgio-Valenti/Rose-Noire-38448.html,duplicate (earlier occurrence)
Giorgio Valenti,Rose Noire Absolue,men,81.0,https://www.fragrantica.com/perfume/Giorgio-Valenti/Rose-Noire-Absolue-38450.html,duplicate (earlier occurrence)
Giorgio Valenti,So Valenti,women,77.0,https://www.fragrantica.com/perfume/Giorgio-Valenti/So-Valenti-38458.html,duplicate (earlier occurrence)
Giorgio Monti,Noly,women,98.0,https://www.fragrantica.com/perfume/Giorgio-Monti/Noly-16798.html,duplicate (earlier occurrence)
Giorgio Monti,Trust Me,men,90.0,https://www.fragrantica.com/perfume/Giorgio-Monti/Trust-Me-56804.html,duplicate (earlier occurrence)
Giorgio Monti,World Time,men,,https://www.fragrantica.com/perfume/Giorgio-Monti/World-Time-56802.html,duplicate (earlier occurrence)
Giesso,Esencia Mujer,women,,https://www.fragrantica.com/perfume/Giesso/Esencia-Mujer-91289.html,duplicate (earlier occurrence)
Giesso,Naturaleza,men,91.0,https://www.fragrantica.com/perfume/Giesso/Naturaleza-91285.html,duplicate (earlier occurrence)
Gianfranco Ferre,Gianfranco Ferre,women,82.0,https://www.fragrantica.com/perfume/Gianfranco-Ferre/Gianfranco-Ferre-160.html,duplicate (earlier occurrence)
Gerard Monet Parfums,L Univers,men,88.0,https://www.fragrantica.com/perfume/Gerard-Monet-Parfums/L-Univers-49338.html,duplicate (earlier occurrence)
Gerard Monet Parfums,La Brise,women,40.0,https://www.fragrantica.com/perfume/Gerard-Monet-Parfums/La-Brise-49339.html,duplicate (earlier occurrence)
Gerard Monet Parfums,La Pluie,women,80.0,https://www.fragrantica.com/perfume/Gerard-Monet-Parfums/La-Pluie-49344.html,duplicate (earlier occurrence)
Gerard Monet Parfums,La Vague,women,60.0,https://www.fragrantica.com/perfume/Gerard-Monet-Parfums/La-Vague-49346.html,duplicate (earlier occurrence)
Gerard Monet Parfums,Le Cosmo,women,,https://www.fragrantica.com/perfume/Gerard-Monet-Parfums/Le-Cosmo-49349.html,duplicate (earlier occurrence)
Galimard,Litchi,unisex,,https://www.fragrantica.com/perfume/Galimard/Litchi-93282.html,duplicate (earlier occurrence)
Gai Mattiolo,That s Amore Kisses XXX,women,81.0,https://www.fragrantica.com/perfume/Gai-Mattiolo/That-s-Amore-Kisses-XXX-11003.html,duplicate (earlier occurrence)
Fulton Roark,Blue Ridge,unisex,78.0,https://www.fragrantica.com/perfume/Fulton-Roark/Blue-Ridge-87077.html,duplicate (earlier occurrence)
Fulton Roark,Calle Ocho,unisex,87.0,https://www.fragrantica.com/perfume/Fulton-Roark/Calle-Ocho-87071.html,duplicate (earlier occurrence)
Fulton Roark,Cloudland,men,89.0,https://www.fragrantica.com/perfume/Fulton-Roark/Cloudland-89068.html,duplicate (earlier occurrence)
Fulton Roark,Devil s Garden,unisex,88.0,https://www.fragrantica.com/perfume/Fulton-Roark/Devil-s-Garden-87072.html,duplicate (earlier occurrence)
Fulton Roark,HWY 190,unisex,72.0,https://www.fragrantica.com/perfume/Fulton-Roark/HWY-190-87073.html,duplicate (earlier occurrence)
Fulton Roark,Kiawah,men,86.0,https://www.fragrantica.com/perfume/Fulton-Roark/Kiawah-87069.html,duplicate (earlier occurrence)
Fulton Roark,Lost Man,men,69.0,https://www.fragrantica.com/perfume/Fulton-Roark/Lost-Man-87074.html,duplicate (earlier occurrence)
Fulton Roark,Mahana,men,85.0,https://www.fragrantica.com/perfume/Fulton-Roark/Mahana-87079.html,duplicate (earlier occurrence)
Fulton Roark,Matia,unisex,76.0,https://www.fragrantica.com/perfume/Fulton-Roark/Matia-87070.html,duplicate (earlier occurrence)
Fulton Roark,Narada,men,80.0,https://www.fragrantica.com/perfume/Fulton-Roark/Narada-87076.html,duplicate (earlier occurrence)
Fulton Roark,Palmetto,men,90.0,https://www.fragrantica.com/perfume/Fulton-Roark/Palmetto-87078.html,duplicate (earlier occurrence)
Fulton Roark,Perpetua,men,88.0,https://www.fragrantica.com/perfume/Fulton-Roark/Perpetua-87081.html,duplicate (earlier occurrence)
Fulton Roark,Ramble,unisex,80.0,https://www.fragrantica.com/perfume/Fulton-Roark/Ramble-87068.html,duplicate (earlier occurrence)
Fulton Roark,Sterling,men,80.0,https://www.fragrantica.com/perfume/Fulton-Roark/Sterling-87075.html,duplicate (earlier occurrence)
Fulton Roark,Thousand Palms,unisex,80.0,https://www.fragrantica.com/perfume/Fulton-Roark/Thousand-Palms-89071.html,duplicate (earlier occurrence)
Fueguia 1833,Paisaje,unisex,76.0,https://www.fragrantica.com/perfume/Fueguia-1833/Paisaje-20828.html,duplicate (earlier occurrence)
Fred Hayman,273 Red,women,79.0,https://www.fragrantica.com/perfume/Fred-Hayman/273-Red-39385.html,duplicate (earlier occurrence)
Fragonard,Bleu Riviera,women,78.0,https://www.fragrantica.com/perfume/Fragonard/Bleu-Riviera-5063.html,duplicate (earlier occurrence)
Fragonard,Jasmin,women,88.0,https://www.fragrantica.com/perfume/Fragonard/Jasmin-66577.html,duplicate (earlier occurrence)
Fragonard,Pivoine,women,75.0,https://www.fragrantica.com/perfume/Fragonard/Pivoine-42938.html,duplicate (earlier occurrence)
Fragonard,Verveine,women,75.0,https://www.fragrantica.com/perfume/Fragonard/Verveine-48119.html,duplicate (earlier occurrence)
Fragonard,Violette,women,81.0,https://www.fragrantica.com/perfume/Fragonard/Violette-14299.html,duplicate (earlier occurrence)
Flamboyant,Royal White,unisex,77.0,https://www.fragrantica.com/perfume/Flamboyant/Royal-White-33401.html,duplicate (earlier occurrence)
Evody Parfums,Fleur d Oranger,women,73.0,https://www.fragrantica.com/perfume/Evody-Parfums/Fleur-d-Oranger-14414.html,duplicate (earlier occurrence)
Evody Parfums,Musc Intense,unisex,80.0,https://www.fragrantica.com/perfume/Evody-Parfums/Musc-Intense-14420.html,duplicate (earlier occurrence)
Evody Parfums,Note de Luxe,women,74.0,https://www.fragrantica.com/perfume/Evody-Parfums/Note-de-Luxe-14417.html,duplicate (earlier occurrence)
Evody Parfums,Reve d Anthala,women,76.0,https://www.fragrantica.com/perfume/Evody-Parfums/Reve-d-Anthala-14415.html,duplicate (earlier occurrence)
Evocative Perfumes,Fetische,unisex,92.0,https://www.fragrantica.com/perfume/Evocative-Perfumes/Fetische-44619.html,duplicate (earlier occurrence)
Evocative Perfumes,Imogen,unisex,90.0,https://www.fragrantica.com/perfume/Evocative-Perfumes/Imogen-29131.html,duplicate (earlier occurrence)
Evocative Perfumes,Rajkumari,unisex,80.0,https://www.fragrantica.com/perfume/Evocative-Perfumes/Rajkumari-58282.html,duplicate (earlier occurrence)
Evocative Perfumes,Siberian Fir,unisex,92.0,https://www.fragrantica.com/perfume/Evocative-Perfumes/Siberian-Fir-29138.html,duplicate (earlier occurrence)
Evocative Perfumes,Vanille Tonique,unisex,87.0,https://www.fragrantica.com/perfume/Evocative-Perfumes/Vanille-Tonique-58280.html,duplicate (earlier occurrence)
Eudora,Club 6 Class,women,81.0,https://www.fragrantica.com/perfume/Eudora/Club-6-Class-59464.html,duplicate (earlier occurrence)
English Laundry,No 7,men,68.0,https://www.fragrantica.com/perfume/English-Laundry/No-7-18607.html,duplicate (earlier occurrence)
Emper,9 to 9,men,75.0,https://www.fragrantica.com/perfume/Emper/9-to-9-22167.html,duplicate (earlier occurrence)
Emper,Elegante,men,87.0,https://www.fragrantica.com/perfume/Emper/Elegante-33381.html,duplicate (earlier occurrence)
Emper,Memories,men,82.0,https://www.fragrantica.com/perfume/Emper/Memories-22158.html,duplicate (earlier occurrence)
Emper,Memories London,women,78.0,https://www.fragrantica.com/perfume/Emper/Memories-London-26826.html,duplicate (earlier occurrence)
Emper,Qubism,men,75.0,https://www.fragrantica.com/perfume/Emper/Qubism-22165.html,duplicate (earlier occurrence)
Emper,Saga,men,78.0,https://www.fragrantica.com/perfume/Emper/Saga-22166.html,duplicate (earlier occurrence)
Electimuss,Amber Aquilaria,unisex,82.0,https://www.fragrantica.com/perfume/Electimuss/Amber-Aquilaria-61799.html,duplicate (earlier occurrence)
Electimuss,Rhodanthe,unisex,81.0,https://www.fragrantica.com/perfume/Electimuss/Rhodanthe-61806.html,duplicate (earlier occurrence)
Electimuss,Black Caviar,unisex,79.0,https://www.fragrantica.com/perfume/Electimuss/Black-Caviar-61812.html,duplicate (earlier occurrence)
El Nabil,Boy Musc,men,90.0,https://www.fragrantica.com/perfume/El-Nabil/Boy-Musc-59144.html,duplicate (earlier occurrence)
El Nabil,Girl Musk,women,74.0,https://www.fragrantica.com/perfume/El-Nabil/Girl-Musk-64911.html,duplicate (earlier occurrence)
El Nabil,Musc Ayad,unisex,85.0,https://www.fragrantica.com/perfume/El-Nabil/Musc-Ayad-59141.html,duplicate (earlier occurrence)
El Nabil,Musc Azur,men,,https://www.fragrantica.com/perfume/El-Nabil/Musc-Azur-64917.html,duplicate (earlier occurrence)
El Nabil,Musc Blanc,unisex,75.0,https://www.fragrantica.com/perfume/El-Nabil/Musc-Blanc-64919.html,duplicate (earlier occurrence)
El Nabil,Musc Princess,women,76.0,https://www.fragrantica.com/perfume/El-Nabil/Musc-Princess-64992.html,duplicate (earlier occurrence)
El Nabil,Musc Rose,unisex,73.0,https://www.fragrantica.com/perfume/El-Nabil/Musc-Rose-64995.html,duplicate (earlier occurrence)
El Nabil,Musc Sauvage,men,,https://www.fragrantica.com/perfume/El-Nabil/Musc-Sauvage-64998.html,duplicate (earlier occurrence)
El Nabil,Musc Sultan,men,90.0,https://www.fragrantica.com/perfume/El-Nabil/Musc-Sultan-65005.html,duplicate (earlier occurrence)
El Nabil,Musc Ultra,unisex,80.0,https://www.fragrantica.com/perfume/El-Nabil/Musc-Ultra-65008.html,duplicate (earlier occurrence)
El Nabil,Musk Addict,men,50.0,https://www.fragrantica.com/perfume/El-Nabil/Musk-Addict-64913.html,duplicate (earlier occurrence)
El Nabil,Musk Code,men,80.0,https://www.fragrantica.com/perfume/El-Nabil/Musk-Code-64922.html,duplicate (earlier occurrence)
El Nabil,Musk Gold,unisex,88.0,https://www.fragrantica.com/perfume/El-Nabil/Musk-Gold-64976.html,duplicate (earlier occurrence)
El Nabil,Musk Imran,men,100.0,https://www.fragrantica.com/perfume/El-Nabil/Musk-Imran-64977.html,duplicate (earlier occurrence)
El Nabil,Musk Makkah,men,80.0,https://www.fragrantica.com/perfume/El-Nabil/Musk-Makkah-64985.html,duplicate (earlier occurrence)
El Nabil,Musk Night,men,87.0,https://www.fragrantica.com/perfume/El-Nabil/Musk-Night-64988.html,duplicate (earlier occurrence)
El Nabil,Musk Prince,men,80.0,https://www.fragrantica.com/perfume/El-Nabil/Musk-Prince-64993.html,duplicate (earlier occurrence)
El Nabil,Musk Silver,unisex,70.0,https://www.fragrantica.com/perfume/El-Nabil/Musk-Silver-65003.html,duplicate (earlier occurrence)
El Nabil,Musk Slim,unisex,88.0,https://www.fragrantica.com/perfume/El-Nabil/Musk-Slim-65004.html,duplicate (earlier occurrence)
El Nabil,Musk Tesnime,women,72.0,https://www.fragrantica.com/perfume/El-Nabil/Musk-Tesnime-65006.html,duplicate (earlier occurrence)
El Nabil,Royal Gold,unisex,85.0,https://www.fragrantica.com/perfume/El-Nabil/Royal-Gold-59138.html,duplicate (earlier occurrence)
El Nabil,So Musk,men,73.0,https://www.fragrantica.com/perfume/El-Nabil/So-Musk-65015.html,duplicate (earlier occurrence)
El Nabil,Rose Taif,unisex,80.0,https://www.fragrantica.com/perfume/El-Nabil/Rose-Taif-61369.html,duplicate (earlier occurrence)
El Nabil,Crystal Wood,unisex,100.0,https://www.fragrantica.com/perfume/El-Nabil/Crystal-Wood-61364.html,duplicate (earlier occurrence)
El Nabil,Musc Absolu,unisex,,https://www.fragrantica.com/perfume/El-Nabil/Musc-Absolu-64903.html,duplicate (earlier occurrence)
El Nabil,Oud Imperial,unisex,,https://www.fragrantica.com/perfume/El-Nabil/Oud-Imperial-64904.html,duplicate (earlier occurrence)
El Nabil,Oud Majestic,unisex,100.0,https://www.fragrantica.com/perfume/El-Nabil/Oud-Majestic-64905.html,duplicate (earlier occurrence)
El Nabil,Musc Blanc,unisex,74.0,https://www.fragrantica.com/perfume/El-Nabil/Musc-Blanc-64848.html,duplicate (earlier occurrence)
El Nabil,Musk Anass,unisex,80.0,https://www.fragrantica.com/perfume/El-Nabil/Musk-Anass-64857.html,duplicate (earlier occurrence)
El Nabil,Musk Bella,women,77.0,https://www.fragrantica.com/perfume/El-Nabil/Musk-Bella-64862.html,duplicate (earlier occurrence)
El Nabil,Musk Halima,unisex,84.0,https://www.fragrantica.com/perfume/El-Nabil/Musk-Halima-64859.html,duplicate (earlier occurrence)
El Nabil,Musk Slim,unisex,67.0,https://www.fragrantica.com/perfume/El-Nabil/Musk-Slim-64849.html,duplicate (earlier occurrence)
El Nabil,Royal Gold,unisex,80.0,https://www.fragrantica.com/perfume/El-Nabil/Royal-Gold-64855.html,duplicate (earlier occurrence)
Eisenberg,J ose,women,82.0,https://www.fragrantica.com/perfume/Eisenberg/J-ose-9167.html,duplicate (earlier occurrence)
Eisenberg,Ambre D Orient Secret V,women,81.0,https://www.fragrantica.com/perfume/Eisenberg/Ambre-D-Orient-Secret-V-47294.html,duplicate (earlier occurrence)
Eisenberg,Cuir D Orient Secret VI,women,73.0,https://www.fragrantica.com/perfume/Eisenberg/Cuir-D-Orient-Secret-VI-47472.html,duplicate (earlier occurrence)
Eisenberg,Rituel D Orient Secret IV,men,71.0,https://www.fragrantica.com/perfume/Eisenberg/Rituel-D-Orient-Secret-IV-47293.html,duplicate (earlier occurrence)
Ein Gedi,Essence of Jerusalem,women,68.0,https://www.fragrantica.com/perfume/Ein-Gedi/Essence-of-Jerusalem-39185.html,duplicate (earlier occurrence)
Companhia da Terra,Eau de Provence,men,82.0,https://www.fragrantica.com/perfume/Companhia-da-Terra/Eau-de-Provence-26244.html,duplicate (earlier occurrence)
Clive Christian,No 1,women,81.0,https://www.fragrantica.com/perfume/Clive-Christian/No-1-4653.html,duplicate (earlier occurrence)
City,Cruise,men,80.0,https://www.fragrantica.com/perfume/City/Cruise-26639.html,duplicate (earlier occurrence)
Cindy C,Black White,men,40.0,https://www.fragrantica.com/perfume/Cindy-C/Black-White-28666.html,duplicate (earlier occurrence)
Cindy C,Ca Va,women,82.0,https://www.fragrantica.com/perfume/Cindy-C/Ca-Va-28652.html,duplicate (earlier occurrence)
Cindy C,Cindy Key,women,,https://www.fragrantica.com/perfume/Cindy-C/Cindy-Key-28654.html,duplicate (earlier occurrence)
Cindy C,Darwin,men,87.0,https://www.fragrantica.com/perfume/Cindy-C/Darwin-22509.html,duplicate (earlier occurrence)
Cindy C,Own It,women,70.0,https://www.fragrantica.com/perfume/Cindy-C/Own-It-22506.html,duplicate (earlier occurrence)
Cindy C,Sagapo,women,80.0,https://www.fragrantica.com/perfume/Cindy-C/Sagapo-28655.html,duplicate (earlier occurrence)
Cindy C,The Diamond,men,82.0,https://www.fragrantica.com/perfume/Cindy-C/The-Diamond-22511.html,duplicate (earlier occurrence)
Cindy C,Theleme,men,,https://www.fragrantica.com/perfume/Cindy-C/Theleme-28669.html,duplicate (earlier occurrence)
Cindy C,Toross,men,80.0,https://www.fragrantica.com/perfume/Cindy-C/Toross-22514.html,duplicate (earlier occurrence)
Ciclo Cosmeticos,Animal Pink,women,80.0,https://www.fragrantica.com/perfume/Ciclo-Cosmeticos/Animal-Pink-68654.html,duplicate (earlier occurrence)
Celine,Celine,men,78.0,https://www.fragrantica.com/perfume/Celine/Celine-322.html,duplicate (earlier occurrence)
Caron,Acaciosa,women,84.0,https://www.fragrantica.com/perfume/Caron/Acaciosa-7423.html,duplicate (earlier occurrence)
Caron,Delire de Roses,women,79.0,https://www.fragrantica.com/perfume/Caron/Delire-de-Roses-11786.html,duplicate (earlier occurrence)
Caron,Farnesiana,women,85.0,https://www.fragrantica.com/perfume/Caron/Farnesiana-7425.html,duplicate (earlier occurrence)
Caron,Fleurs de Rocaille,women,81.0,https://www.fragrantica.com/perfume/Caron/Fleurs-de-Rocaille-2919.html,duplicate (earlier occurrence)
Caron,French Cancan,women,81.0,https://www.fragrantica.com/perfume/Caron/French-Cancan-7426.html,duplicate (earlier occurrence)
Caron,Montaigne,women,81.0,https://www.fragrantica.com/perfume/Caron/Montaigne-4030.html,duplicate (earlier occurrence)
Caron,Narcisse Blanc,women,79.0,https://www.fragrantica.com/perfume/Caron/Narcisse-Blanc-7429.html,duplicate (earlier occurrence)
Caron,Narcisse Noir,unisex,90.0,https://www.fragrantica.com/perfume/Caron/Narcisse-Noir-53072.html,duplicate (earlier occurrence)
Caron,Or et Noir,women,84.0,https://www.fragrantica.com/perfume/Caron/Or-et-Noir-7430.html,duplicate (earlier occurrence)
Caron,Rose,women,85.0,https://www.fragrantica.com/perfume/Caron/Rose-7432.html,duplicate (earlier occurrence)
Caron,Secret Oud,unisex,78.0,https://www.fragrantica.com/perfume/Caron/Secret-Oud-12955.html,duplicate (earlier occurrence)
Caron,Tubereuse,women,81.0,https://www.fragrantica.com/perfume/Caron/Tubereuse-7433.html,duplicate (earlier occurrence)
Caron,Violette Precieuse,women,80.0,https://www.fragrantica.com/perfume/Caron/Violette-Precieuse-9073.html,duplicate (earlier occurrence)
Caron,Narcisse Blanc,women,81.0,https://www.fragrantica.com/perfume/Caron/Narcisse-Blanc-49065.html,duplicate (earlier occurrence)
Bruno Acampora,Musc Extrait,unisex,80.0,https://www.fragrantica.com/perfume/Bruno-Acampora/Musc-Extrait-71895.html,duplicate (earlier occurrence)
Blackbird,Hallow,unisex,60.0,https://www.fragrantica.com/perfume/Blackbird/Hallow-64554.html,duplicate (earlier occurrence)
AzherOud,Cashmere Oud,unisex,100.0,https://www.fragrantica.com/perfume/AzherOud/Cashmere-Oud-74467.html,duplicate (earlier occurrence)
AzherOud,Nomad,unisex,100.0,https://www.fragrantica.com/perfume/AzherOud/Nomad-74471.html,duplicate (earlier occurrence)
AzherOud,Paradiso,unisex,,https://www.fragrantica.com/perfume/AzherOud/Paradiso-74932.html,duplicate (earlier occurrence)
AzherOud,Sultanate,unisex,,https://www.fragrantica.com/perfume/AzherOud/Sultanate-74931.html,duplicate (earlier occurrence)
AzherOud,Tranquility,unisex,100.0,https://www.fragrantica.com/perfume/AzherOud/Tranquility-74466.html,duplicate (earlier occurrence)
AzherOud,Valley of Bliss,unisex,100.0,https://www.fragrantica.com/perfume/AzherOud/Valley-of-Bliss-74465.html,duplicate (earlier occurrence)
AzherOud,Vetiverish,unisex,,https://www.fragrantica.com/perfume/AzherOud/Vetiverish-74930.html,duplicate (earlier occurrence)
Attar Collection,Khaltat Night,women,85.0,https://www.fragrantica.com/perfume/Attar-Collection/Khaltat-Night-33665.html,duplicate (earlier occurrence)
Avatim,Amor Perfeito,men,80.0,https://www.fragrantica.com/perfume/Avatim/Amor-Perfeito-34968.html,duplicate (earlier occurrence)
Atelier Segall Barutti,Cipreste Quintessence,men,84.0,https://www.fragrantica.com/perfume/Atelier-Segall-Barutti/Cipreste-Quintessence-60450.html,duplicate (earlier occurrence)
Lancaster,Eau de Lancaster,men,80.0,https://www.fragrantica.com/perfume/Lancaster/Eau-de-Lancaster-77048.html,duplicate (earlier occurrence)
Oud Elite,C Style,men,80.0,https://www.fragrantica.com/perfume/Oud-Elite/C-Style-40785.html,duplicate (earlier occurrence)
Al Haramain Perfumes,Faris,unisex,73.0,https://www.fragrantica.com/perfume/Al-Haramain-Perfumes/Faris-52426.html,duplicate (earlier occurrence)
Parfums Genty,Aqua di Fiori Intrigue,women,,https://www.fragrantica.com/perfume/Parfums-Genty/Aqua-di-Fiori-Intrigue-51120.html,duplicate (earlier occurrence)
Afnan,Arabian Gems,men,71.0,https://www.fragrantica.com/perfume/Afnan/Arabian-Gems-27344.html,duplicate (earlier occurrence)
